NO_RELATION	entitya	play	entityb	written
RELATION	entityb	's	entitya	christo
RELATION	president	entityb	delivered	entitya	initially
NO_RELATION	entitya	issued	october	28,	1956,	encyclical	entityb	urging	public
NO_RELATION	entitya	war	novel	entityb	serialized
RELATION	vukovar	entityb	entitya
NO_RELATION	entitya	story	entityb	concerning
NO_RELATION	entitya	novel	written	entityb	first
NO_RELATION	entitya	second	book	short	stories	entityb
RELATION	introduced	entityb	one	organizers	entitya
NO_RELATION	entitya	novel	written	entityb	eragon
NO_RELATION	entitya	novel	entityb	published
RELATION	year	entityb	began	entitya	mecca
NO_RELATION	entitya	book	entityb	published
RELATION	life	entityb	led	parliamentary	forces	entitya	patton
NO_RELATION	entitya	book	entityb
RELATION	seized	entityb	peninsula	entitya	ketchum
RELATION	rabbi	entityb	entitya
RELATION	entitya	entityb	singled
NO_RELATION	entitya	classic	novel	entityb	written
RELATION	north	entityb	entitya
NO_RELATION	entitya	collection	essays	written	completed	entityb	1894.
NO_RELATION	entitya	issued	october	28,	1956,	encyclical	entityb	urging	public
NO_RELATION	entitya	novel	entityb
RELATION	entitya	entityb
NO_RELATION	entitya	first	play	written	entityb
RELATION	entityb	entitya
NO_RELATION	entitya	poem	entityb	written
RELATION	ampndash;	entityb	emigrates	community	movement	called	entitya
NO_RELATION	entitya	children	's	novel	written	illustrated	entityb
NO_RELATION	entitya	people	armed	book	entityb	paz
NO_RELATION	entitya	one-act	play	play	entityb
NO_RELATION	entitya	novel	written	entityb
NO_RELATION	entitya	children	's	novel	entityb	originally	published
NO_RELATION	entitya	young	adult	novel	written	entityb	julia
NO_RELATION	entitya	play	entityb	retells
RELATION	evergreen	cemetery	entityb	's	entitya	delivered
RELATION	point	entityb	's	life	entitya	also	marks
NO_RELATION	entitya	story	entityb
RELATION	extract	entityb	's	entitya	accompanying	footage
NO_RELATION	entitya	play	entityb
RELATION	1788.	entityb	entitya	1863.	john
RELATION	designed	commemorate	entityb	's	entitya	well
NO_RELATION	entitya	historical	novel	entityb	set
NO_RELATION	entitya	novel	entityb	david
RELATION	veracruz	entityb	concluding	entitya	spain
RELATION	equivalent	entityb	's	entitya	explaining
RELATION	pieces	entityb	following	entitya	buried
RELATION	victory	entityb	royalists	entitya
RELATION	roundheads	entitya	entityb	successfully
NO_RELATION	entitya	novella	entityb	originally
NO_RELATION	entitya	collection	science	fiction	short	stories	entityb
RELATION	criticized	entitya	peace	treaty	entityb	signed
RELATION	serving	entityb	king	entitya
NO_RELATION	entitya	play	entityb
RELATION	also	entityb	's	great	entitya
RELATION	entitya	entityb	came
RELATION	siege	entityb	entitya
RELATION	kafir	entitya	means	flight	emigration	leaving	prophet	entityb
RELATION	befort	entityb	entitya
NO_RELATION	entitya	book	poems	essays	written	entityb	1974.
NO_RELATION	entitya	children	's	picture	book	entityb
NO_RELATION	entitya	collection	essays	botanist	entityb
RELATION	entitya	president	entityb	appointed
NO_RELATION	entitya	novel	entityb
RELATION	remember	entityb	's	speech	became	known	entitya
NO_RELATION	entitya	satirical	play	entityb	howard
RELATION	p.	157.	entityb	suggested	book	entitya	new
NO_RELATION	entitya	action/science	fiction/thriller	novel	entityb	nathaniel
NO_RELATION	entitya	stage	play	entityb	premiered
NO_RELATION	entitya	crime	novel	entityb	gets
NO_RELATION	entitya	children	's	novel	entityb	published
RELATION	control	entityb	entitya
RELATION	jaffna	entityb	entitya
NO_RELATION	entitya	play	written	entityb	music
NO_RELATION	entitya	novel	entityb	published
RELATION	upon	entitya	entityb	presented
NO_RELATION	entitya	young	adult	novel	entityb
NO_RELATION	entitya	science	fiction	novel	written	entityb	part
RELATION	1988,	entitya	policy	entityb	started	allowing
RELATION	entitya	subsequently	became	strong	adherent	entityb	whose
NO_RELATION	entitya	novel	entityb	first
RELATION	city	entityb	entitya	universidad
RELATION	phrase	entityb	's	entitya	civil
RELATION	entityb	entitya
RELATION	–	entityb	followers	completed	entitya	mecca
RELATION	19,	1863,	entityb	delivered	entitya
RELATION	process	entitya	entityb	john	milton
NO_RELATION	entitya	novel	entityb	clarissa
NO_RELATION	entitya	science	fiction	novel	entityb	published
NO_RELATION	entitya	category	federal	ministers	entityb	minister
NO_RELATION	entitya	novel	entityb	co-written
RELATION	battle	entityb	entitya
RELATION	entityb	age	45,	painted	1699.	1696,	entitya	personally	led
NO_RELATION	entitya	collection	thirty	science	fiction	stories	entityb	first	published
NO_RELATION	entitya	novel	entityb	set
NO_RELATION	entitya	novel	entityb	published
NO_RELATION	entitya	action/science	fiction/thriller	novel	entityb	nathaniel
NO_RELATION	entitya	name	ofempire	star	book	entityb	bsa
NO_RELATION	entitya	mystery	novel	entityb
NO_RELATION	entitya	science	fiction	novel	entityb	explores
RELATION	entitya	entityb	's	famous
RELATION	u.s.	president	entityb	's	entitya
RELATION	site	entityb	's	entitya	number
RELATION	wrong	entitya	rise	fall	entityb	w.w.
NO_RELATION	entitya	novel	entityb
NO_RELATION	entitya	novel	entityb	elmer
NO_RELATION	entitya	play	entityb	written
RELATION	soviet	leader	entityb	introduced	significant	changes	traditional	system	see	entitya
RELATION	siege	entityb	entitya
NO_RELATION	entitya	play	entityb	adapted
NO_RELATION	entitya	book	entityb	published
NO_RELATION	entitya	fantasy	comic	book	writer	entityb	penciller
RELATION	court	entityb	stationed	army	end	entitya	1647.
NO_RELATION	entitya	young	adult	science	fiction	novel	written	entityb	james
RELATION	entitya	organized	entityb	lucretia
NO_RELATION	entitya	horror	novel	written	entityb
NO_RELATION	entitya	book	entityb
RELATION	colonel	entityb	's	army	entitya
NO_RELATION	entitya	tragic	play	entityb
RELATION	entitya	entityb	's	troops
NO_RELATION	entitya	spy	novel	entityb
RELATION	entitya	entityb	's	visit
NO_RELATION	entitya	novel	entityb
NO_RELATION	entitya	book	sir	entityb	disingenuously
NO_RELATION	entitya	novel	entityb
NO_RELATION	entitya	novel	entityb	first
RELATION	entitya	led	entityb
RELATION	entitya	accession	entityb	became
NO_RELATION	entitya	historical	novel	entityb	first	published
NO_RELATION	entitya	papal	encyclical	entityb	concerning
NO_RELATION	entitya	young	adult	novel	entityb
RELATION	entitya	high	king	entityb	curtailed
NO_RELATION	entitya	short	story	entityb
RELATION	first	words	entityb	's	entitya
RELATION	time	entityb	's	entitya	emigration
NO_RELATION	entitya	issued	october	28,	1956,	encyclical	entityb	urging	public
NO_RELATION	entitya	novel	entityb	co-written
NO_RELATION	entitya	novel	entityb	first
RELATION	bastogne	entityb	entitya
RELATION	ii	entityb	beginning	entitya	scotland
RELATION	entitya	parliamentarians	entityb	introduced
RELATION	forces	entityb	entitya
NO_RELATION	entitya	children	's	novel	written	illustrated	entityb
RELATION	£30,000..	entitya	entityb	took	possession
RELATION	islamic	prophet	entityb	entitya	withdrawal
NO_RELATION	entitya	children	's	picture	book	entityb
RELATION	entitya	entityb	stayed
NO_RELATION	entitya	science	fiction	novel	written	entityb	published
RELATION	tradition	entityb	's	entitya	martin	luther
NO_RELATION	entitya	autobiographical	book	written	entityb	former
NO_RELATION	entitya	entityb
RELATION	seated	entityb	years	entitya	kept	constant
RELATION	taken	entityb	's	men	entitya
RELATION	nation	entityb	following	entitya	1821–1830
NO_RELATION	entitya	novel	entityb	david
NO_RELATION	entitya	chick	lit	novel	entityb
NO_RELATION	entitya	play	entityb
RELATION	flag	entityb	entitya
RELATION	figure	entityb	actually	stood	delivered	part	entitya
RELATION	entitya	1649–53	1659–60,	rule	entityb
NO_RELATION	entitya	novel	entityb	first
NO_RELATION	entitya	play	written	1909–1910	entityb
RELATION	ends	entitya	entityb	medina
NO_RELATION	entitya	young	adult	novel	written	entityb	published
RELATION	year	entityb	leading	figure	entitya
NO_RELATION	entitya	short	story	entityb
NO_RELATION	entitya	musical	book	lyrics	entityb	music
RELATION	estimated	entityb	's	flight	entitya
NO_RELATION	entitya	book	sir	entityb	disingenuously
NO_RELATION	entitya	play	entityb
RELATION	entitya	entityb	's	forces	took
NO_RELATION	entitya	first	full	length	play	entityb
RELATION	byron	entitya	19th-century	speech	entityb	great
RELATION	1980s	entityb	's	policies	entitya	glasnost
RELATION	entityb	entitya
NO_RELATION	entitya	historical-fiction	book	written	illustrated	entityb	published
RELATION	entitya	handwritten	entityb
RELATION	king	alludes	entityb	's	entitya	saying
RELATION	lima	entityb	entitya	pontificia
RELATION	hudna	entitya	entityb	quraysh
RELATION	's	words	entityb	's	entitya
RELATION	force	entitya	entityb	killed
NO_RELATION	entitya	book	written	entityb	published
RELATION	entitya	entityb	went
RELATION	wounded	entityb	entitya	may
RELATION	beginning	entityb	's	public	ministry	entitya
NO_RELATION	entitya	play	entityb	taking
RELATION	containing	entitya	picture	entityb	added
RELATION	homage	entityb	's	entitya	timed
RELATION	relatives	entityb	muslims	performed	entitya
NO_RELATION	entitya	stream	consciousness	novel	entityb	first
RELATION	entityb	used	tricola	many	speeches	entitya
NO_RELATION	entitya	novel	entityb	published
RELATION	speaker	opposite	entityb	reading	entitya
RELATION	1863,	president	entityb	delivered	famous	entitya	god
NO_RELATION	entitya	encyclical	entityb
RELATION	also	referred	entityb	's	entitya	saying
NO_RELATION	entitya	novel	entityb	published
NO_RELATION	entitya	children	's	picture	book	entityb
NO_RELATION	entitya	poem	entityb
NO_RELATION	entitya	play	entityb	set
RELATION	al-muttalib	entityb	's	uncle	seven	nine	months	entitya
NO_RELATION	entitya	last	longest	novel	author	entityb	published
NO_RELATION	entitya	novel	entityb	david
RELATION	asked	president	entityb	copy	entitya
RELATION	entitya	628.	recorded	entityb	told	khalid
RELATION	entitya	exhibited	1877,	one	depicted	entityb	marston
NO_RELATION	entitya	science	fiction	book	written	entityb	first
RELATION	named	entitya	leader	entityb
RELATION	helping	entityb	entitya
RELATION	president	entityb	's	entitya	named
NO_RELATION	entitya	novel	entityb	mexican
RELATION	entityb	entitya
NO_RELATION	entitya	novel	entityb	talks
NO_RELATION	entitya	collection	twenty	short	stories	written	entityb
RELATION	entitya	former	members	entityb	's	new
NO_RELATION	entitya	novel	entityb	anna
RELATION	cause	entityb	entitya
RELATION	year	entitya	entityb	mecca
RELATION	siege	entityb	entitya	april
RELATION	participants	entitya	entityb	francis	tresham
NO_RELATION	entitya	novel	entityb	mexican
NO_RELATION	entitya	poem	entityb	originally
RELATION	anniversary	entityb	's	trip	route	make	entitya
NO_RELATION	entitya	story	entityb	concerning
RELATION	quote	president	entityb	's	entitya	inscribed
RELATION	entitya	nephew	godson	entityb	sent
RELATION	five	copies	entityb	's	entitya
RELATION	citation	entityb	draft	entitya	nicolay
NO_RELATION	entitya	comic	novel	entityb	published
RELATION	defeat	entityb	famous	entitya	1014..
NO_RELATION	entitya	's	world	children	's	history	book	entityb
NO_RELATION	entitya	novel	written	entityb	published
RELATION	entitya	protectorate	entityb
RELATION	onset	entitya	entityb	residents
RELATION	site	entityb	's	notable	entitya
RELATION	bay	entityb	entitya
RELATION	's	recitation	entityb	's	entitya	go
NO_RELATION	entitya	play	written	entityb	first
NO_RELATION	entitya	young-adult	fantasy	novel	entityb	based
NO_RELATION	entitya	play	entityb	tomás
NO_RELATION	entitya	collection	twenty	short	stories	written	entityb
RELATION	war	entityb	's	rule	entitya	1646,
RELATION	destroyed	entityb	's	troops	entitya	1646.
NO_RELATION	entitya	young	adult	novel	entityb	first
NO_RELATION	entitya	written	entityb
NO_RELATION	entitya	young	adult	novel	written	entityb
NO_RELATION	entitya	novel	written	entityb	logging
RELATION	union	president	entityb	delivers	entitya
RELATION	2008..	president	entityb	's	signing	entitya	september
NO_RELATION	entitya	short	story	entityb
NO_RELATION	entitya	apocalyptic	science	fiction/horror	novel	entityb	published
RELATION	arrive	entityb	entitya
NO_RELATION	entitya	novel	entityb	deals
RELATION	commemorates	entitya	هِجْرَة	emigration	entityb
NO_RELATION	entitya	novel	entityb	first
RELATION	supporting	entityb	's	cause	entitya	sold
NO_RELATION	entitya	play	entityb
NO_RELATION	entitya	fantasy	comic	book	writer	entityb	penciller
RELATION	eye-witness	entityb	's	entitya	several	members
RELATION	entityb	entitya
NO_RELATION	entitya	first	play	written	entityb	published
NO_RELATION	entitya	book	entityb
NO_RELATION	entitya	's	world	children	's	history	book	entityb
RELATION	paraphrased	entityb	entitya
NO_RELATION	entitya	play	entityb	first	developed
NO_RELATION	entitya	last	longest	novel	author	entityb	published
NO_RELATION	entitya	encyclical	entityb
RELATION	known	eye-witness	entityb	's	entitya
RELATION	photo	entityb	's	entitya	studio
RELATION	peloponnesian	war;	entityb	's	entitya	1863,	soon
RELATION	entitya	became	royalist	stronghold	entityb	's	parliamentary
RELATION	heart	entityb	entitya
NO_RELATION	entitya	young	adult	novel	written	entityb
RELATION	named	entityb	's	policy	entitya
RELATION	posted	entityb	cover	entitya	1990.
NO_RELATION	entitya	tragedy	entityb	coriolanus
NO_RELATION	entitya	written	entityb	using
NO_RELATION	entitya	last	longest	novel	author	entityb	published
RELATION	entityb	entitya	1014,
NO_RELATION	entitya	name	ofempire	star	book	entityb	bsa
RELATION	successor	entityb	signed	entitya
RELATION	entitya	key	organizers	entityb	lucretia
RELATION	entitya	fell	entityb
RELATION	photograph	entityb	taken	november	8,	1863;	two	weeks	entitya
NO_RELATION	entitya	apocalyptic	science	fiction/horror	novel	entityb	published
NO_RELATION	entitya	collection	writings	entityb	first
RELATION	precipitated	entityb	's	controversial	decision	sign	entitya
RELATION	address	president	entityb	's	entitya	primary
RELATION	entitya	disillusioned	officer	plots	assassination	entityb	dominic
RELATION	entitya	16th	century	entityb
RELATION	population	entityb	's	invasion	entitya
RELATION	bastogne	entityb	entitya
RELATION	entitya	entityb	however
RELATION	entitya	1642–1651	puritan-led	parliamentarian	government	entityb	king
RELATION	entitya	rewarded	entityb	estates
NO_RELATION	entitya	semi-autobiographical	play	entityb	written
RELATION	time	entityb	drafting	entitya	weekly
NO_RELATION	entitya	play	entityb
RELATION	annexation	entityb	led	entitya	ending
NO_RELATION	entitya	novelette	entityb	published
RELATION	date	entityb	's	flight	entitya
NO_RELATION	entitya	young	adult	novel	written	entityb
NO_RELATION	entitya	novel	entityb	several
RELATION	gettysburg	entityb	's	entitya	gettysburg	national
NO_RELATION	entitya	people	armed	book	entityb	paz
NO_RELATION	entitya	short	novel	entityb	billy
RELATION	anticipated	entitya	entityb	morin
NO_RELATION	entitya	thriller	novel	entityb
NO_RELATION	entitya	full	original	title	essay	entityb
NO_RELATION	entitya	play	entityb
NO_RELATION	entitya	play	four	acts	entityb
NO_RELATION	entitya	novel	entityb	mexican
NO_RELATION	entitya	novel	entityb	published
NO_RELATION	entitya	novel	entityb	set
NO_RELATION	entitya	poem	entityb	written
RELATION	entityb	known	entitya
NO_RELATION	entitya	novel	entityb	anna
RELATION	half	entityb	's	entitya	graces	east
NO_RELATION	entitya	semi-autobiographical	play	entityb	written
NO_RELATION	entitya	musical	book	entityb	lyrics
NO_RELATION	entitya	short	novel	novella	written	entityb
NO_RELATION	entitya	novel	entityb	co-written
NO_RELATION	entitya	book	social	political	analysis	entityb
NO_RELATION	entitya	novel	entityb
RELATION	famous	quotation	entityb	's	entitya	“this	nation
RELATION	early	14th-century	entityb	entitya
NO_RELATION	entitya	first	novel	written	author	entityb	originally
RELATION	entityb	sector	entitya	december
RELATION	end	entitya	's	years	entityb	like
NO_RELATION	entitya	tragic	play	entityb
RELATION	14-year-old	entityb	assume	personal	rule	ahead	schedule	thus	entitya	formerly	took
NO_RELATION	entitya	book	written	entityb	published
RELATION	entitya	part	commemorations	150th	anniversary	entityb	's	birth
RELATION	royalists	entitya	entityb	parliamentarians
RELATION	lies	entitya	entityb	gave	colonel	george
NO_RELATION	entitya	novel	entityb	first
RELATION	carter	entityb	shortly	entitya	edited
NO_RELATION	entitya	short	story	entityb	first
NO_RELATION	entitya	novel	entityb
RELATION	early	fourteenth-century	entityb	entitya
RELATION	years	entityb	emigrated	see	entitya
NO_RELATION	entitya	play	written	entityb	based
RELATION	bolivia	entityb	entitya	1879–83
NO_RELATION	entitya	short	novel	entityb	billy
RELATION	entitya	colonel	entityb	's	new
NO_RELATION	entitya	historical-fiction	book	written	illustrated	entityb	published
NO_RELATION	entitya	novel	entityb	published
NO_RELATION	entitya	collection	science	fiction	short	stories	entityb
NO_RELATION	entitya	novel	entityb	set
RELATION	delivered	entityb	entitya	lincoln
RELATION	winning	book	entityb	's	entitya	compared
RELATION	bore	entityb	four	sons	two	daughters	among	children	include	entitya	's	successor
NO_RELATION	entitya	name	ofempire	star	book	entityb	bsa
NO_RELATION	entitya	novel	written	entityb	first
RELATION	sides	entitya	including	entityb	's	ironside	cavalry
RELATION	entitya	women	's	rights	entityb
NO_RELATION	entitya	thriller	novel	entityb
NO_RELATION	entitya	novel	entityb	published
RELATION	entityb	's	policy	entitya
NO_RELATION	entitya	story	entityb	concerning
NO_RELATION	entitya	novel	entityb
RELATION	destroyed	entityb	's	troops	entitya
NO_RELATION	entitya	book	photography	entityb	jewish
NO_RELATION	entitya	category	federal	ministers	entityb	minister
RELATION	according	president	entityb	's	entitya	american
RELATION	entityb	entitya
NO_RELATION	entitya	novel	entityb	first	published
RELATION	entitya	aligned	entityb
NO_RELATION	entitya	dystopian	novel	entityb	published
NO_RELATION	entitya	fantasy	novel	entityb	set
NO_RELATION	entitya	play	entityb	taking
RELATION	supporter	entityb	entitya
RELATION	entityb	campaign	entitya
NO_RELATION	entitya	novel	entityb	giving
NO_RELATION	entitya	spy	thriller	novel	author	entityb	published
RELATION	forces	entityb	three-day-long	entitya
NO_RELATION	entitya	collection	twenty	short	stories	written	entityb
NO_RELATION	entitya	first	novel	written	author	entityb	originally
RELATION	entitya	served	lord	protector	entityb
NO_RELATION	entitya	novel	entityb	first
RELATION	—	entityb	entitya
NO_RELATION	entitya	novel	entityb	isbn
NO_RELATION	entitya	play	entityb
RELATION	spanning	entitya	entityb	's	rule
RELATION	newport	entityb	entitya
RELATION	farewell	address	entityb	's	entitya	fred	harvey
NO_RELATION	entitya	novel	entityb	published
NO_RELATION	entitya	first	published	author	entityb
RELATION	execute	entitya	riot	1968.	entityb	union
NO_RELATION	entitya	science	fiction	novel	written	entityb	published
RELATION	china	entitya	's	reign	entityb	's	abdication
RELATION	president	entityb	entitya	november
NO_RELATION	entitya	play	entityb
RELATION	santiago	de	entityb	beginning	entitya
RELATION	entitya	1014,	entityb	high
RELATION	entitya	entityb	–
RELATION	formed	entityb	following	entitya
RELATION	ending	entityb	's	entitya
RELATION	soviet	consumers	entityb	entitya	new	york
RELATION	last	year	entityb	entitya	immigration
NO_RELATION	entitya	play	four	acts	entityb
NO_RELATION	entitya	novel	entityb
NO_RELATION	entitya	short	story	entityb	first
NO_RELATION	entitya	children	's	historical	novel	entityb	published
NO_RELATION	entitya	novel	entityb	isbn
NO_RELATION	entitya	collection	science	fiction	short	stories	entityb	published
NO_RELATION	entitya	blank	verse	tragedy	entityb
NO_RELATION	entitya	young	adult	novel	entityb	first
NO_RELATION	entitya	play	entityb
RELATION	1431..	following	entitya	entityb	declined	crown
NO_RELATION	entitya	novel	entityb
NO_RELATION	entitya	science	fiction	novel	written	entityb	published
RELATION	respected	entityb	's	soldiers	time	entitya
NO_RELATION	entitya	novel	entityb	dealing
RELATION	government	entityb	entitya	1921,
NO_RELATION	entitya	novel	entityb	set
RELATION	entitya	peace	treaty	entityb
RELATION	entitya	given	entityb	wills
NO_RELATION	entitya	play	written	entityb	based
NO_RELATION	entitya	first	novel	written	author	entityb	originally
RELATION	entitya	famous	speech	delivered	entityb
NO_RELATION	entitya	first	published	author	entityb
NO_RELATION	entitya	category	federal	ministers	entityb	minister
NO_RELATION	entitya	title	novel	entityb	patriot
NO_RELATION	entitya	horror	novel	written	entityb
RELATION	soviet	president	entityb	running	policy	entitya	glasnost
RELATION	immortalized	entityb	's	entitya	phrase
RELATION	entityb	put	finishing	touches	entitya
NO_RELATION	entitya	book	containing	collection	illustrator	entityb	's	best
NO_RELATION	entitya	novel	entityb	giving
RELATION	result	entityb	's	entitya	reform
RELATION	p.	174,	entitya	6.1.己丑	14th	august	1690,	entityb	granted	fuquan
NO_RELATION	entitya	book-length	essay	entityb	american
NO_RELATION	entitya	play	entityb
NO_RELATION	entitya	initial	biography	children	's	book	entityb
NO_RELATION	entitya	play	entityb
RELATION	1648,	entitya	entityb	's	troops	camped
NO_RELATION	entitya	science	fiction	book	written	entityb	first
NO_RELATION	entitya	play	entityb
NO_RELATION	entitya	multi	act	play	entityb
NO_RELATION	entitya	novel	entityb	written
RELATION	meet	entityb	i.e.	entitya	muhammad
RELATION	year	entitya	entityb	emigrated	medina
NO_RELATION	entitya	collection	writings	entityb	first
NO_RELATION	entitya	novel	entityb	originally	published
RELATION	entityb	gave	entitya	article
NO_RELATION	entitya	science	fiction/techno-thriller	novel	written	entityb
NO_RELATION	entitya	novel	entityb	published
NO_RELATION	entitya	science	fiction	novel	written	entityb	published
NO_RELATION	entitya	short	story	entityb
NO_RELATION	entitya	science	fiction	novel	written	entityb	published
NO_RELATION	entitya	children	's	novel	series	written	entityb	1828-1909
NO_RELATION	entitya	novel	entityb	first
RELATION	witness	entityb	delivering	entitya
NO_RELATION	entitya	short	story	entityb
RELATION	occupied	entityb	's	forces	entitya
NO_RELATION	entitya	book	poetry	published	poet	entityb
RELATION	entityb	's	entitya	1987,	expresses
NO_RELATION	entitya	poem	entityb	's	songs
RELATION	reference	entityb	's	entitya	four
RELATION	entitya	president	entityb
NO_RELATION	entitya	book	written	entityb	published
RELATION	entitya	negotiated	entityb
RELATION	entitya	entityb	spoke	three
NO_RELATION	entitya	book	social	political	analysis	entityb
RELATION	user	entitya	emperor6868	user	talk	contribs	page	entityb	diff
NO_RELATION	entitya	debut	novel	entityb	published
RELATION	ireland	entityb	entitya	1014.
NO_RELATION	entitya	collection	short	science	fiction	stories	entityb
RELATION	months	entitya	entityb	's	migration
NO_RELATION	entitya	's	world	children	's	history	book	entityb
RELATION	joined	entityb	entitya
RELATION	entitya	august	1648,	entityb	defeated
NO_RELATION	entitya	semi-autobiographical	play	entityb	written
NO_RELATION	entitya	horror	novel	entityb
RELATION	entitya	entityb	israel
RELATION	cemetery	heard	entityb	's	entitya	close
NO_RELATION	entitya	dystopian	novel	entityb	published
RELATION	helpers	entityb	entitya	aws
RELATION	mott	entityb	organized	entitya
RELATION	commemorating	entitya	titled	years	progress	women	1848–1948	entityb	left
NO_RELATION	entitya	science	fiction	novel	written	entityb	published
NO_RELATION	entitya	novel	entityb
RELATION	entitya	including	son	grandson	entityb
NO_RELATION	entitya	novel	entityb	elmer
RELATION	veracruz	entityb	concluding	entitya	spain
NO_RELATION	entitya	young	adult	novel	entityb
NO_RELATION	entitya	science	fiction	film	entityb	westworld
NO_RELATION	entitya	poem	entityb	's	songs
RELATION	served	entityb	entitya
RELATION	life	entityb	led	parliamentary	forces	entitya
NO_RELATION	entitya	novel	entityb	published
RELATION	entitya	specifically	associated	entityb	's	siege
NO_RELATION	entitya	secret	life	book	entityb
RELATION	entitya	entityb	visited	discussions
NO_RELATION	entitya	poem	entityb	written
NO_RELATION	entitya	blank	verse	tragedy	entityb
RELATION	entitya	former	members	entityb	's	new
RELATION	forces	entityb	three-day-long	entitya
RELATION	manuscript	entityb	's	entitya
RELATION	witnessed	president	entityb	's	entitya	recreating
NO_RELATION	entitya	novel	entityb
RELATION	entitya	including	death	mask	entityb
RELATION	age	entitya	entityb	also
NO_RELATION	entitya	play	two	acts	written	entityb	starring
RELATION	year	entityb	's	emigration	entitya
NO_RELATION	entitya	tragedy	entityb	coriolanus
RELATION	entitya	rewarded	entityb	estates
RELATION	entitya	entityb	passed
RELATION	destroyed	entityb	's	order	entitya
RELATION	entitya	islam	migration	entityb
NO_RELATION	entitya	modernist	short	story	entityb	first	published
RELATION	entityb	house	entitya
NO_RELATION	entitya	book	entityb	first	published
NO_RELATION	entitya	children	's	picture	book	entityb
NO_RELATION	entitya	superhero	novel	entityb
RELATION	led	entityb	engage	fierce	gunfight	police	entitya	cleveland
NO_RELATION	entitya	novelette	entityb	published
RELATION	entityb	second	eldest	entitya	's	sons
RELATION	speaking	entityb	's	famous	entitya	lincoln
RELATION	spoken	entityb	occasions	including	entitya
RELATION	entitya	entityb
RELATION	entityb	's	roundheads	entitya
NO_RELATION	entitya	collection	entityb	comprising
RELATION	months	entitya	entityb	's	migration
RELATION	entitya	eventually	falling	parliamentarians	1646.	entityb	ordered
RELATION	entitya	early	influential	women	's	rights	convention	entityb	demanded
RELATION	century	entitya	see	also	list	biographies	entityb
NO_RELATION	entitya	play	entityb
RELATION	entitya	fought	entityb
NO_RELATION	entitya	novel	author	entityb
RELATION	famous	quote	entityb	's	entitya	government
RELATION	killed	entityb	entitya
RELATION	armies	occupying	entityb	entitya
RELATION	entitya	base	operations	entityb
RELATION	near	entityb	entitya
NO_RELATION	entitya	young	adult	novel	entityb	first
NO_RELATION	entitya	novel	written	entityb
RELATION	entityb	entitya
NO_RELATION	entitya	short	story	entityb
NO_RELATION	entitya	good	bad	books	essay	entityb	first	published
NO_RELATION	entitya	play	entityb
NO_RELATION	entitya	collection	writings	entityb	first
RELATION	president	entityb	entitya	america
RELATION	criticising	entitya	entityb	egypt
NO_RELATION	entitya	entityb
NO_RELATION	entitya	stage	play	entityb	premiered
RELATION	entityb	entitya
RELATION	entityb	entitya
RELATION	campaign	entityb	entitya
NO_RELATION	entitya	short	play	entityb	adapted
NO_RELATION	entitya	short	story	entityb
RELATION	minister	entityb	signed	entitya	egyptian
NO_RELATION	entitya	story	entityb	concerning
NO_RELATION	entitya	play	entityb	set
RELATION	start	entitya	entityb	's	departure
NO_RELATION	entitya	novel	written	entityb
RELATION	kettle	's	entityb	village	entitya
RELATION	president	entityb	delivered	famous	two-minute	entitya
RELATION	1887,	entityb	leader	entitya	explored
NO_RELATION	entitya	children	's	novel	series	written	entityb	1828-1909
RELATION	entityb	started	entitya	often
RELATION	viceroyalty	entityb	following	entitya
NO_RELATION	entitya	novel	entityb	hard
RELATION	150th	anniversary	entityb	's	entitya	patriot-news
NO_RELATION	entitya	play	entityb
RELATION	joined	entityb	entitya	participated
RELATION	near	entityb	entitya
NO_RELATION	entitya	collection	short	science	fiction	stories	entityb
RELATION	entitya	entityb	best
RELATION	wording	entityb	's	entitya	parker
RELATION	later	entityb	entitya
NO_RELATION	entitya	historical	novel	entityb	first	published
RELATION	sadat	entityb	signed	entitya
NO_RELATION	entitya	science	fiction/thriller	novel	entityb
NO_RELATION	entitya	novel	entityb	mexican
RELATION	entitya	attached	entityb	whose
RELATION	prophet	entityb	year	entitya
RELATION	steward	entityb	entitya	location
RELATION	troops	entityb	entitya	sir
NO_RELATION	entitya	fantasy	comic	book	writer	entityb	penciller
NO_RELATION	entitya	novel	written	entityb
NO_RELATION	entitya	novel	entityb	published
NO_RELATION	entitya	novel	entityb	published
