NO_RELATION	entitya	is	a	play	by	entityb	,	written	in	1984	and
RELATION	catholic	church	.	.	during	entityb	's	entitya	,	christo	was	also	involved
RELATION	at	gettysburg	during	which	president	entityb	delivered	the	entitya	.	initially	commemorating	the	grand
NO_RELATION	entitya	,	issued	october	28,	1956,	is	an	encyclical	of	entityb	urging	public	prayers	for	peace
NO_RELATION	entitya	is	a	war	novel	by	entityb	,	serialized	in	1946–47	in
RELATION	defense	forces	in	vukovar	(	entityb	)	during	the	entitya	.	he	was	killed	in
NO_RELATION	entitya	is	a	story	by	entityb	concerning	a	cursed	village	that
NO_RELATION	entitya	is	a	novel	written	by	entityb	and	first	published	april	6,
NO_RELATION	entitya	is	the	second	book	of	short	stories	by	entityb	.	it	was	first	published
RELATION	1851	anthony	was	introduced	to	entityb	,	who	had	been	one	of	the	organizers	of	the	entitya	and	had	introduced	the	controversial
NO_RELATION	entitya	is	a	novel	written	by	entityb	.	eragon	may	also	refer
NO_RELATION	entitya	is	a	novel	by	entityb	,	published	in	1998..	tony
RELATION	,	marking	the	year	that	entityb	began	his	entitya	from	mecca	to	medina	.
NO_RELATION	entitya	is	a	book	by	entityb	published	in	2003	by	ace
RELATION	based	on	the	life	of	entityb	,	who	led	the	parliamentary	forces	during	the	entitya	.	patton	(	1970	)
NO_RELATION	entitya	is	a	book	by	entityb	.	the	book	describes	ulmer
RELATION	under	general	howe	seized	the	entityb	peninsula	at	the	entitya	.	ketchum	pp	.	110–111
RELATION	,	then	chief	rabbi	of	entityb	.	during	the	entitya	,	the	rabbi	hid	de
RELATION	:	.	.	after	the	entitya	,	entityb	himself	singled	out	nations	by
NO_RELATION	entitya	is	a	classic	novel	by	entityb	,	written	in	the	welsh
RELATION	's	forces	just	north	of	entityb	,	at	the	entitya	.	the	mongols	were	defeated
NO_RELATION	entitya	is	a	collection	of	12	essays	written	and	completed	by	entityb	in	1894.	garland	was	one
NO_RELATION	entitya	,	issued	october	28,	1956,	is	an	encyclical	of	entityb	urging	public	prayers	for	peace
NO_RELATION	entitya	is	a	novel	by	entityb	,	which	was	adapted	into
RELATION	the	parliamentary	cause	during	the	entitya	and	of	entityb	during	the	protectorate	.	sir
NO_RELATION	entitya	is	the	first	play	written	by	entityb	.	its	1997	premiere	at
RELATION	on	luzon	,	in	the	entityb	.	after	the	entitya	,	at	some	date	between
NO_RELATION	entitya	(	)	is	a	poem	by	entityb	,	written	in	several	versions
RELATION	.	.	july	16	ampndash;	entityb	emigrates	his	community	(	the	movement	is	called	the	entitya	)	to	medina	,	a
NO_RELATION	entitya	is	a	children	's	novel	written	and	illustrated	by	entityb	.	it	tells	the	story
NO_RELATION	entitya	:	the	people	armed	is	a	book	by	entityb	.	paz	was	a	famous
NO_RELATION	entitya	is	a	2002	one-act	play	play	by	entityb	.	it	is	centred	around
NO_RELATION	entitya	is	a	novel	written	by	entityb	under	the	pseudonym	richard	hooker
NO_RELATION	entitya	is	a	children	's	novel	by	entityb	originally	published	by	oxford	university
NO_RELATION	entitya	(	1994	)	is	a	young	adult	novel	written	by	entityb	.	julia	foster	gets	a
NO_RELATION	entitya	is	a	play	by	entityb	which	retells	the	myth	of
RELATION	of	the	evergreen	cemetery	.	entityb	's	entitya	was	delivered	there	during	the
RELATION	.	a	turning	point	in	entityb	's	life	,	this	entitya	also	marks	the	beginning	of
NO_RELATION	entitya	is	a	story	by	entityb	about	a	little	girl	named
RELATION	climax	features	an	extract	from	entityb	's	entitya	,	accompanying	footage	of	tanks
NO_RELATION	entitya	is	a	play	by	entityb	,	which	premiered	off-broadway	in
RELATION	practical	reason	)	,	1788.	entityb	,	entitya	,	1863.	john	locke	,
RELATION	annual	programming	designed	to	commemorate	entityb	's	entitya	,	as	well	as	a
NO_RELATION	entitya	(	2000	)	is	a	historical	novel	by	entityb	set	in	victorian	london	.
NO_RELATION	entitya	is	a	novel	by	entityb	.	david	copperfield	may	also
RELATION	,	now	in	veracruz	,	entityb	,	concluding	the	entitya	from	spain	.	.	1914
RELATION	to	write	her	equivalent	of	entityb	's	entitya	,	explaining	her	philosophy	and
RELATION	was	broken	into	pieces	by	entityb	following	the	entitya	and	buried	under	the	palace
RELATION	)	was	a	victory	for	entityb	over	the	royalists	during	the	entitya	.	.	the	battle	of
RELATION	of	the	roundheads	during	the	entitya	,	entityb	,	who	successfully	ousted	the
NO_RELATION	entitya	is	a	novella	by	entityb	,	originally	published	as	a
NO_RELATION	entitya	is	a	collection	of	science	fiction	short	stories	by	entityb	.	it	was	first	published
RELATION	.	she	also	criticized	the	entitya	,	the	peace	treaty	entityb	signed	with	anwar	sadat	of
RELATION	those	accused	of	serving	with	entityb	against	the	king	during	the	entitya	,	and	in	his	defence
NO_RELATION	entitya	is	a	play	by	entityb	about	a	girl	who	grows
RELATION	it	.	"	also	,	entityb	's	great	entitya	is	a	form	of	elocutio
RELATION	a	strategic	position	in	the	entitya	as	in	1646	entityb	came	with	500	dragoons	and
RELATION	into	the	colonial	siege	of	entityb	,	at	the	entitya	,	just	north	of	boston
RELATION	therefore	label	it	kafir	.	entitya	means	flight	or	emigration	or	leaving	,	such	as	prophet	entityb	and	his	followers	did	to
RELATION	december	1944	in	befort	,	entityb	,	during	the	entitya	.	he	was	posthumously	promoted
NO_RELATION	entitya	is	a	book	of	poems	and	essays	written	by	entityb	in	1974.	within	it	,
NO_RELATION	entitya	is	a	1995	children	's	picture	book	by	entityb	.	.	gritch	the	witch
NO_RELATION	entitya	is	a	collection	of	essays	by	botanist	entityb	.	the	articles	both	defended
RELATION	resigned	in	protest	over	the	entitya	and	president	entityb	appointed	a	new	government	.
NO_RELATION	entitya	is	a	1978	novel	by	entityb	.	a	direct	sequel	,
RELATION	day	.	they	do	remember	entityb	's	speech	which	became	known	as	the	entitya	.	.	in	the	1950s
NO_RELATION	entitya	is	a	satirical	play	by	entityb	and	howard	brenton	exploring	the
RELATION	group	,	2000,	p.	157.	entityb	suggested	in	his	book	entitya	and	new	thinking	for	our
NO_RELATION	entitya	is	a	1999	action/science	fiction/thriller	novel	by	entityb	.	nathaniel	hunter	could	track
NO_RELATION	entitya	is	a	stage	play	by	entityb	that	premiered	at	the	victory
NO_RELATION	entitya	1979	)	a	crime	novel	by	entityb	gets	its	title	from	a
NO_RELATION	entitya	is	a	children	's	novel	by	entityb	,	published	in	1999.	it
RELATION	the	americans	gained	control	of	entityb	at	the	entitya	.	the	british	had	to
RELATION	besieged	town	of	jaffna	in	entityb	during	the	entitya	.	the	mission	was	undertaken
NO_RELATION	entitya	is	a	play	written	by	entityb	with	music	composed	by	adrian
NO_RELATION	entitya	is	a	1980	novel	by	entityb	,	published	initially	by	wine
RELATION	in	tribute	,	upon	the	entitya	,	entityb	was	presented	with	a	william
NO_RELATION	entitya	is	a	1997	young	adult	novel	by	entityb	.	it	tells	the	story
NO_RELATION	entitya	is	a	science	fiction	novel	written	by	entityb	as	part	of	the	grand
RELATION	.	.	in	1988,	the	entitya	policy	of	entityb	started	allowing	private	enterprise	in
RELATION	he	supported	parliament	in	the	entitya	,	and	subsequently	became	a	strong	adherent	of	entityb	,	whose	third	daughter	,
NO_RELATION	entitya	is	a	novel	by	entityb	,	first	published	by	snp
RELATION	mexico	,	mexico	city	,	entityb	,	until	the	entitya	.	universidad	católica	de	santo
RELATION	,	.	a	phrase	from	entityb	's	entitya	from	the	civil	war	era
RELATION	on	5	august	1778	in	entityb	during	the	entitya	.	.	orpheus	was	first
RELATION	.	.	.	622	–	entityb	and	his	followers	completed	their	entitya	from	mecca	to	medina	to
RELATION	.	on	november	19,	1863,	entityb	delivered	his	entitya	at	the	dedication	of	the
RELATION	in	this	process	were	the	entitya	,	entityb	,	john	milton	,	john
NO_RELATION	entitya	is	a	novel	by	entityb	.	clarissa	can	also	refer
NO_RELATION	entitya	is	a	science	fiction	novel	by	entityb	,	published	in	1969..	the
NO_RELATION	entitya	.	category	:	federal	ministers	of	entityb	.	minister
NO_RELATION	entitya	is	a	novel	by	entityb	,	co-written	with	judith	and
RELATION	the	aforementioned	first	battle	of	entityb	,	the	entitya	and	the	decisive	second	battle
RELATION	the	victor	.	.	the	entityb	at	the	age	of	45,	painted	in	1699.	in	1696,	entitya	personally	led	three	armies	,
NO_RELATION	entitya	is	a	collection	of	thirty	science	fiction	stories	by	entityb	first	published	in	december	2005
NO_RELATION	entitya	is	a	1948	novel	by	entityb	set	in	new	york	of
NO_RELATION	entitya	is	a	novel	by	entityb	,	published	in	1929	and
NO_RELATION	entitya	is	a	1999	action/science	fiction/thriller	novel	by	entityb	.	nathaniel	hunter	could	track
NO_RELATION	entitya	is	the	name	ofempire	star	,	a	1966	book	by	entityb	.	bsa	empire	star	,
NO_RELATION	entitya	(	1980	)	is	a	mystery	novel	by	entityb	.	.	a	young	woman
NO_RELATION	entitya	is	a	science	fiction	novel	by	entityb	that	explores	a	near-future	event
RELATION	gettysburg	address	.	.	the	entitya	,	entityb	's	most	famous	speech	and
RELATION	"	comes	from	u.s.	president	entityb	's	entitya	,	which	he	delivered	during
RELATION	national	cemetery	,	site	of	entityb	's	entitya	.	a	number	of	smaller
RELATION	.	what	went	wrong	with	entitya	:	the	rise	and	fall	of	entityb	(	w.w.	norton	,	1991
NO_RELATION	entitya	is	a	1992	novel	by	entityb	,	a	french	author	who
NO_RELATION	entitya	is	a	1927	novel	by	entityb	.	elmer	gantry	may	also
NO_RELATION	entitya	is	a	play	by	entityb	,	written	in	1984	and
RELATION	reforms	backed	by	soviet	leader	entityb	introduced	significant	changes	in	the	traditional	system	(	see	entitya	)	,	the	allocation	of
RELATION	army	at	the	siege	of	entityb	and	at	the	entitya	on	4	june	1658..	at
NO_RELATION	entitya	is	a	1990	play	by	entityb	,	adapted	from	the	1977
NO_RELATION	entitya	was	a	book	by	entityb	,	published	in	1938.	gibbon
NO_RELATION	entitya	is	a	fantasy	comic	book	by	writer	entityb	and	penciller	carlos	pacheco	,
RELATION	windsor	and	hampton	court	.	entityb	stationed	an	army	there	at	the	end	of	the	entitya	in	1647.	james	ii	camped
NO_RELATION	entitya	is	a	young	adult	science	fiction	novel	written	by	entityb	and	james	d.	macdonald	and
RELATION	movement	began	with	the	1848	entitya	,	organized	by	entityb	and	lucretia	mott	,	and
NO_RELATION	entitya	is	a	1983	horror	novel	written	by	entityb	.	.	.	a	child
NO_RELATION	entitya	is	a	book	by	entityb	.	it	is	based	on
RELATION	reed	,	a	colonel	in	entityb	's	army	during	the	entitya	.	the	family	was	based
NO_RELATION	entitya	is	a	tragic	play	by	entityb	.	.	hamlet	may	also
RELATION	i	in	1623..	during	the	entitya	in	1648	entityb	's	troops	camped	overnight	on
NO_RELATION	entitya	is	a	1995	spy	novel	by	entityb	.	it	is	the	second
RELATION	it	took	place	before	the	entitya	and	after	entityb	's	visit	to	the	people
NO_RELATION	entitya	(	1995	)	is	a	novel	by	entityb	.	.	in	it	a
NO_RELATION	entitya	is	a	1653	book	by	sir	entityb	,	disingenuously	detailing	his	plans
NO_RELATION	entitya	is	a	novel	by	entityb	,	which	was	adapted	into
NO_RELATION	entitya	is	a	novel	by	entityb	,	first	published	in	2007..
RELATION	1725–1727,	luzhin	participated	in	the	entitya	led	by	entityb	.	.	.	.	category
RELATION	on	the	sidelines	during	the	entitya	but	after	the	accession	of	entityb	,	became	part	of	his
NO_RELATION	entitya	is	a	historical	novel	by	entityb	first	published	in	america	in
NO_RELATION	entitya	(	1956	)	,	is	an	papal	encyclical	of	entityb	concerning	the	soviet	invasion	of
NO_RELATION	entitya	is	a	2005	young	adult	novel	by	entityb	about	a	doomed	teenage	love
RELATION	part	.	.	after	the	entitya	,	when	high	king	entityb	curtailed	the	power	of	the
NO_RELATION	entitya	is	a	short	story	by	entityb	.	it	was	first	published
RELATION	4.	the	first	words	of	entityb	's	entitya	.	.	the	four	score
RELATION	and	by	the	time	of	entityb	's	entitya	(	emigration	)	to	medina
NO_RELATION	entitya	,	issued	october	28,	1956,	is	an	encyclical	of	entityb	urging	public	prayers	for	peace
NO_RELATION	entitya	is	a	novel	by	entityb	,	co-written	with	judith	and
NO_RELATION	entitya	is	a	novel	by	entityb	,	first	published	by	red
RELATION	jump	in	to	bastogne	,	entityb	,	during	the	entitya	,	then	his	last	jump
RELATION	iii	and	david	ii	of	entityb	,	beginning	the	entitya	.	scotland	was	a	french
RELATION	abbey	.	.	after	the	entitya	,	when	the	parliamentarians	under	entityb	introduced	a	strongly	protestant	regime
RELATION	on	the	turkish	forces	at	entityb	,	during	the	entitya	.	he	and	other	lieutenants
NO_RELATION	entitya	is	a	children	's	novel	written	and	illustrated	by	entityb	.	it	tells	the	story
RELATION	buckingham	for	£30,000..	during	the	entitya	,	entityb	took	possession	of	the	estate
RELATION	who	followed	the	islamic	prophet	entityb	on	his	entitya	(	withdrawal	from	mecca	to
NO_RELATION	entitya	is	a	children	's	picture	book	by	entityb	and	is	illustrated	by	scott
RELATION	hiding	places	.	during	the	entitya	,	entityb	stayed	at	the	queens	head
NO_RELATION	entitya	is	a	science	fiction	novel	written	by	entityb	and	published	in	1988.	the
RELATION	equality	in	the	tradition	of	entityb	's	entitya	and	martin	luther	king	's
NO_RELATION	entitya	is	an	autobiographical	book	written	by	entityb	,	former	staff	writer	and
NO_RELATION	entitya	(	1967	)	by	entityb	is	a	children	's	book
RELATION	methods	.	.	the	seated	entityb	.	over	the	years	,	entitya	kept	constant	watch	over	yinreng
RELATION	and	were	then	taken	by	entityb	's	men	after	the	entitya	.	once	in	the	hands
RELATION	with	the	modern	nation	of	entityb	,	following	the	entitya	(	1821–1830	)	.	u.s.
NO_RELATION	entitya	is	a	novel	by	entityb	.	david	copperfield	may	also
NO_RELATION	entitya	is	a	chick	lit	novel	by	entityb	about	a	young	englishwoman	-
NO_RELATION	entitya	is	a	play	by	entityb	.	it	is	set	in
RELATION	photograph	raising	the	flag	on	entityb	during	the	entitya	,	an	image	that	was
RELATION	an	audio	animatronic	figure	of	entityb	that	actually	stood	up	and	delivered	part	of	the	entitya	(	which	was	incidentally	just
RELATION	of	england	(	after	the	entitya	)	from	1649–53	and	1659–60,	under	the	rule	of	entityb	and	his	son	and	successor
NO_RELATION	entitya	is	a	novel	by	entityb	,	first	published	in	2007..
NO_RELATION	entitya	is	a	play	written	in	1909–1910	by	entityb	.	.	misalliance	takes	place
RELATION	10	and	ends	with	the	entitya	of	entityb	to	medina	in	622.	when
NO_RELATION	entitya	is	a	young	adult	novel	written	by	entityb	and	published	by	razorbill	books
RELATION	in	july	that	year	,	entityb	,	a	leading	figure	of	the	entitya	,	and	now	leader	of
NO_RELATION	entitya	is	a	short	story	by	entityb	.	it	was	first	published
NO_RELATION	entitya	is	a	musical	with	a	book	and	lyrics	by	entityb	and	music	by	tony	macaulay
RELATION	,	a	day	estimated	for	entityb	's	flight	(	entitya	)	from	mecca	to	medina
NO_RELATION	entitya	is	a	1653	book	by	sir	entityb	,	disingenuously	detailing	his	plans
NO_RELATION	entitya	is	a	play	by	entityb	,	which	examines	the	life
RELATION	.	.	that	during	the	entitya	,	entityb	's	forces	took	lead	from
NO_RELATION	entitya	is	the	first	full	length	play	by	entityb	.	it	ran	off-broadway	in
RELATION	possible	lover	of	byron	.	entitya	,	19th-century	speech	by	entityb	.	great	fire	of	london
RELATION	.	by	the	1980s	,	entityb	's	policies	of	entitya	and	glasnost	made	it	virtually
RELATION	4	september	,	1942	at	entityb	during	the	entitya	and	he	is	buried	at
NO_RELATION	entitya	is	a	historical-fiction	book	written	and	illustrated	by	entityb	and	published	by	scholastic	press
RELATION	of	a	copy	of	the	entitya	(	handwritten	by	entityb	)	to	cornell	university	.
RELATION	speech	,	king	alludes	to	entityb	's	entitya	by	saying	"	five	score
RELATION	san	marcos	,	lima	,	entityb	,	until	the	entitya	.	pontificia	universidad	católica	del
RELATION	famous	early	hudna	was	the	entitya	between	entityb	and	the	quraysh	tribe	.
RELATION	louis	kossuth	's	words	in	entityb	's	entitya	,	"	in	eurasian	studies
RELATION	combined	leinster-viking	force	in	the	entitya	but	entityb	is	killed	at	the	end
NO_RELATION	entitya	is	a	book	written	by	entityb	and	published	in	1995	by
RELATION	was	strategically	important	during	the	entitya	,	and	entityb	went	there	to	take	it
RELATION	stuart	was	mortally	wounded	in	entityb	at	the	entitya	on	may	12,	1864..	henrico
RELATION	marked	from	the	beginning	of	entityb	's	public	ministry	to	the	entitya	,	or	the	abyssinian	emigration
NO_RELATION	entitya	is	a	1977	play	by	entityb	.	taking	its	name	from
RELATION	1924.	a	plaque	containing	the	entitya	and	a	picture	of	entityb	were	added	on	june	8,
RELATION	speech	as	a	homage	to	entityb	's	entitya	,	timed	to	correspond	with
RELATION	,	muhammad	's	relatives	,	entityb	and	the	muslims	performed	the	entitya	(	"	emigration	"	)
NO_RELATION	entitya	is	a	stream	of	consciousness	novel	by	entityb	,	first	published	in	1997.
RELATION	a	descending	tricolon	.	.	entityb	used	tricola	in	many	of	his	speeches	.	his	entitya	has	the	following	phrase	:
NO_RELATION	entitya	is	a	novel	by	entityb	,	published	in	1937.	it
RELATION	known	as	the	speaker	opposite	entityb	at	the	reading	of	the	entitya	.	.	today	,	there
RELATION	in	november	,	1863,	president	entityb	delivered	his	famous	entitya	.	god	's	acre	,
NO_RELATION	entitya	is	an	encyclical	of	entityb	on	the	crusade	of	prayer
RELATION	.	obama	also	referred	to	entityb	's	entitya	by	saying	"	.	.
NO_RELATION	entitya	is	a	novel	by	entityb	,	published	in	1998.	it
NO_RELATION	entitya	is	a	1995	children	's	picture	book	by	entityb	.	.	gritch	the	witch
NO_RELATION	entitya	is	a	poem	by	entityb	about	the	boer	war	,
NO_RELATION	entitya	is	a	play	by	entityb	,	set	in	dublin	which
RELATION	hamza	ibn	‘abd	al-muttalib	(	entityb	's	uncle	)	seven	to	nine	months	after	the	entitya	.	a	party	of	thirty
NO_RELATION	entitya	is	the	last	and	longest	novel	by	author	entityb	.	published	in	1930,	the
NO_RELATION	entitya	is	a	novel	by	entityb	.	david	copperfield	may	also
RELATION	behalf	,	bancroft	asked	president	entityb	for	a	copy	of	the	entitya	,	as	bliss	was	a
RELATION	quraysh	of	mecca	at	the	entitya	in	628.	it	has	been	recorded	that	entityb	told	khalid	's	brother	,
RELATION	first	notable	pictures	of	the	entitya	were	exhibited	in	1877,	one	of	which	depicted	entityb	at	marston	moor	.	in
NO_RELATION	entitya	is	a	science	fiction	book	written	by	entityb	and	first	printed	in	november
RELATION	tank	,	named	after	the	entitya	leader	entityb	,	was	the	first	tank
RELATION	for	their	part	in	helping	entityb	during	the	entitya	.	.	york	press	guildhall
RELATION	(	1863	)	and	president	entityb	's	entitya	are	named	for	this	town
NO_RELATION	entitya	is	a	2008	novel	by	entityb	.	mexican	whiteboy	by	matt
RELATION	on	7	august	1778	in	entityb	during	the	entitya	.	.	kingfisher	was	commissioned
NO_RELATION	entitya	(	1947	)	is	a	novel	by	entityb	which	talks	about	war	,
NO_RELATION	entitya	is	a	collection	of	twenty	short	stories	written	by	entityb	.	it	was	initially	published
RELATION	17th	century	,	after	the	entitya	,	when	former	members	of	entityb	's	new	model	army	settled
NO_RELATION	entitya	is	a	novel	by	entityb	.	anna	karenina	may	also
RELATION	in	the	parliamentary	cause	for	entityb	in	the	entitya	.	he	had	a	military
RELATION	from	the	year	of	the	entitya	of	entityb	from	mecca	to	madinah	.
RELATION	of	the	long	siege	of	entityb	.	during	the	entitya	on	april	2,	1865,	edwards
RELATION	the	key	participants	in	the	entitya	,	entityb	and	francis	tresham	.	the
NO_RELATION	entitya	is	a	2008	novel	by	entityb	.	mexican	whiteboy	by	matt
NO_RELATION	entitya	is	a	poem	by	entityb	,	originally	published	in	poems
RELATION	celebrate	the	125th	anniversary	of	entityb	's	trip	over	the	same	route	to	make	the	entitya	.	both	1223	and	7002
NO_RELATION	entitya	is	a	story	by	entityb	concerning	a	cursed	village	that
RELATION	2013-05-15.	a	quote	from	president	entityb	's	entitya	is	inscribed	above	the	stage
RELATION	at	the	outbreak	of	the	entitya	.	his	nephew	and	godson	entityb	was	sent	by	parliament	to
RELATION	of	the	five	copies	of	entityb	's	entitya	(	1863	)	—the	only
RELATION	citation	:	entityb	,	draft	of	the	entitya	:	nicolay	copy	,	november
NO_RELATION	entitya	is	a	comic	novel	by	entityb	,	published	posthumously	in	1985.barbara
RELATION	until	the	viking	defeat	by	entityb	at	the	famous	entitya	in	1014..	clondalkin	witnessed	another
NO_RELATION	entitya	's	world	is	a	children	's	history	book	by	entityb	.	the	first	edition	,
NO_RELATION	entitya	is	a	2004	novel	written	by	entityb	and	published	in	the	united
RELATION	,	and	culminating	in	the	entitya	and	the	protectorate	of	entityb	,	there	were	significant	swings
RELATION	.	with	the	onset	of	entitya	under	entityb	,	the	residents	of	bergtal
RELATION	established	at	the	site	of	entityb	's	notable	entitya	.	.	a	number	of
RELATION	independence	near	guantanamo	bay	,	entityb	,	during	the	entitya	.	in	november	1962,	the
RELATION	his	daughter	's	recitation	of	entityb	's	entitya	to	go	out	for	the
NO_RELATION	entitya	is	a	play	written	by	entityb	and	first	performed	in	1993.
NO_RELATION	entitya	(	2005	)	is	a	young-adult	fantasy	novel	by	entityb	,	based	loosely	on	the
NO_RELATION	entitya	is	an	1869	play	by	entityb	about	tomás	de	torquemada	and
NO_RELATION	entitya	is	a	collection	of	twenty	short	stories	written	by	entityb	.	it	was	initially	published
RELATION	the	english	civil	war	and	entityb	's	rule	.	.	during	the	entitya	in	1646,	thomas	fairfax	ordered
RELATION	castle	,	was	destroyed	by	entityb	's	troops	in	the	entitya	in	1646.	he	died	of
NO_RELATION	entitya	is	a	young	adult	novel	by	entityb	,	first	published	in	2003.
NO_RELATION	entitya	written	by	entityb	.	.	category	:	works
NO_RELATION	entitya	(	2002	)	is	a	young	adult	novel	written	by	entityb	.	.	remy	is	an
NO_RELATION	entitya	is	a	1998	novel	written	by	entityb	about	logging	in	australia	.
RELATION	civil	war	:	union	president	entityb	delivers	the	entitya	at	the	military	cemetery	dedication
RELATION	2007.	28	april	2008..	president	entityb	's	signing	of	the	entitya	on	september	17th	,	1978
NO_RELATION	entitya	is	a	short	story	by	entityb	.	it	is	named	after
NO_RELATION	entitya	is	an	apocalyptic	science	fiction/horror	novel	by	entityb	,	published	in	1990	as
RELATION	company	did	not	arrive	in	entityb	until	after	the	entitya	,	and	for	the	next
NO_RELATION	entitya	is	a	1945	novel	by	entityb	which	deals	with	issues	of
RELATION	calendar	.	it	commemorates	the	entitya	(	هِجْرَة	)	,	or	emigration	of	entityb	and	his	followers	to	the
NO_RELATION	entitya	is	a	novel	by	entityb	.	first	published	in	slovenia
RELATION	mary	and	later	,	supporting	entityb	's	cause	during	the	entitya	,	sold	land	in	the
NO_RELATION	entitya	is	a	play	by	entityb	.	.	a	mix	of
NO_RELATION	entitya	is	a	fantasy	comic	book	by	writer	entityb	and	penciller	carlos	pacheco	,
RELATION	v	rathbone	,	eye-witness	to	entityb	's	entitya	.	several	members	rathbone	family
RELATION	was	killed	during	the	at	entityb	during	the	entitya	at	the	age	of	42..
NO_RELATION	entitya	is	the	first	play	written	by	entityb	,	published	in	the	period
NO_RELATION	entitya	is	a	book	by	entityb	.	it	describes	how	people
NO_RELATION	entitya	's	world	is	a	children	's	history	book	by	entityb	.	the	first	edition	,
RELATION	"	was	later	paraphrased	by	entityb	in	the	entitya	in	the	words	"	government
NO_RELATION	entitya	is	a	play	by	entityb	first	developed	at	the	eugene
NO_RELATION	entitya	is	the	last	and	longest	novel	by	author	entityb	.	published	in	1930,	the
NO_RELATION	entitya	is	an	encyclical	of	entityb	on	the	1500th	anniversary	of
RELATION	the	only	known	eye-witness	to	entityb	's	entitya	,	of	the	over	10,000
RELATION	took	the	only	photo	of	entityb	's	entitya	.	the	studio	has	photographed
RELATION	dead	of	the	peloponnesian	war;	entityb	's	entitya	in	1863,	soon	after	sojourner
RELATION	,	london	.	in	the	entitya	it	became	a	royalist	stronghold	,	and	entityb	's	parliamentary	forces	razed	it
RELATION	,	in	the	heart	of	entityb	:	during	the	entitya	,	about	1574,	a	plan
NO_RELATION	entitya	(	2002	)	is	a	young	adult	novel	written	by	entityb	.	.	remy	is	an
RELATION	in	1990,	and	named	after	entityb	's	policy	of	entitya	.	its	splash	screen	shows
RELATION	she	was	then	posted	to	entityb	to	cover	the	entitya	in	1990.	she	was	one
NO_RELATION	entitya	is	a	tragedy	by	entityb	.	coriolanus	may	also	refer
NO_RELATION	entitya	was	written	in	1888	by	entityb	using	the	pseudonym	f.	anstey
NO_RELATION	entitya	is	the	last	and	longest	novel	by	author	entityb	.	published	in	1930,	the
RELATION	final	victory	was	won	by	entityb	.	of	the	entitya	in	1014,	when	brian	boroimhe
NO_RELATION	entitya	is	the	name	ofempire	star	,	a	1966	book	by	entityb	.	bsa	empire	star	,
RELATION	death	of	nasser	his	successor	entityb	signed	the	entitya	.	this	angered	the	arab
RELATION	,	now	known	as	the	entitya	.	some	of	its	key	organizers	were	entityb	,	lucretia	coffin	mott	,
RELATION	the	parliamentary	cause	during	the	entitya	,	but	fell	out	with	entityb	during	the	interregnum	.	at
RELATION	,	a	head-on	photograph	of	entityb	taken	on	november	8,	1863;	two	weeks	before	his	entitya	.	.	file	:	gardner-photo-lincoln
NO_RELATION	entitya	is	an	apocalyptic	science	fiction/horror	novel	by	entityb	,	published	in	1990	as
NO_RELATION	entitya	is	a	collection	of	writings	by	entityb	,	first	published	in	the
RELATION	knesset	was	largely	precipitated	by	entityb	's	controversial	decision	to	sign	the	entitya	and	the	israel-egypt	peace	treaty
RELATION	's	farewell	address	and	president	entityb	's	entitya	,	the	primary	themes	of
RELATION	munden	,	set	during	the	entitya	,	in	which	a	disillusioned	officer	plots	the	assassination	of	entityb	(	dominic	west	)	until
RELATION	lewis	posted	08.19.10.	during	the	entitya	in	the	16th	century	entityb	,	a	zealous	puritan	,
RELATION	to	control	the	population	after	entityb	's	invasion	during	the	entitya	,	and	then	to	suppress
RELATION	was	surrounded	at	bastogne	,	entityb	,	during	the	entitya	.	it	participated	in	airborne
RELATION	.	such	as	the	"	entitya	"	by	entityb	,	however	the	address	is
RELATION	captured	and	executed	in	the	entitya	(	1642–1651	)	by	the	puritan-led	parliamentarian	government	of	entityb	.	king	charles	ii	had
RELATION	the	commonwealth	navy	during	the	entitya	and	was	rewarded	by	entityb	with	estates	in	ireland	.
NO_RELATION	entitya	is	a	semi-autobiographical	play	by	entityb	,	written	in	1970	and
RELATION	20	pioneers	around	the	time	entityb	was	drafting	his	entitya	.	weekly	church	attendance	averages
NO_RELATION	entitya	is	a	1775	play	by	entityb	.	the	rivals	may	also
RELATION	eritrea	.	subsequent	annexation	by	entityb	led	to	the	entitya	,	ending	with	eritrean	independence
NO_RELATION	entitya	is	a	novelette	by	entityb	,	published	in	the	august
RELATION	,	an	estimated	date	for	entityb	's	flight	(	entitya	)	from	mecca	to	medina
NO_RELATION	entitya	(	2002	)	is	a	young	adult	novel	written	by	entityb	.	.	remy	is	an
NO_RELATION	entitya	is	a	1748	novel	by	entityb	.	several	adaptations	have	been
RELATION	the	battle	of	gettysburg	and	entityb	's	entitya	in	gettysburg	national	cemetery	.
NO_RELATION	entitya	:	the	people	armed	is	a	book	by	entityb	.	paz	was	a	famous
NO_RELATION	entitya	is	a	short	novel	by	entityb	.	billy	budd	can	also
RELATION	soviet	communism	and	anticipated	the	entitya	of	entityb	.	.	morin	was	married
NO_RELATION	entitya	is	a	thriller	novel	by	entityb	.	it	is	the	sequel
NO_RELATION	entitya	.	the	full	original	title	of	this	1727	essay	by	entityb	was	"	conjugal	lewdness	or
NO_RELATION	entitya	is	a	1775	play	by	entityb	.	the	rivals	may	also
NO_RELATION	entitya	is	a	play	,	in	four	acts	,	by	entityb	.	it	originally	opened	at
NO_RELATION	entitya	is	a	2008	novel	by	entityb	.	mexican	whiteboy	by	matt
NO_RELATION	entitya	is	a	novel	by	entityb	published	in	1994.	storming	heaven
NO_RELATION	entitya	is	a	1948	novel	by	entityb	set	in	new	york	of
NO_RELATION	entitya	(	)	is	a	poem	by	entityb	,	written	in	several	versions
RELATION	the	german	offensive	in	the	entityb	known	as	the	entitya	,	but	did	not	assemble
NO_RELATION	entitya	is	a	novel	by	entityb	.	anna	karenina	may	also
RELATION	mankind	.	"	half	of	entityb	's	entitya	graces	the	east	side	of
NO_RELATION	entitya	is	a	semi-autobiographical	play	by	entityb	,	written	in	1970	and
NO_RELATION	entitya	is	a	1981	musical	with	a	book	by	entityb	,	lyrics	by	rost	and
NO_RELATION	entitya	is	a	short	novel	(	or	novella	)	written	by	entityb	.	it	was	first	published
NO_RELATION	entitya	is	a	novel	by	entityb	,	co-written	with	judith	and
NO_RELATION	entitya	is	a	1987	book	of	social	and	political	analysis	by	entityb	.	.	didion	begins	,
NO_RELATION	entitya	is	a	novel	by	entityb	,	which	was	adapted	into
RELATION	is	the	famous	quotation	from	entityb	's	entitya	:	“this	nation	under	god
RELATION	late	13th-	and	early	14th-century	entityb	,	during	the	entitya	.	he	first	appears	in
NO_RELATION	entitya	is	the	first	novel	written	by	author	entityb	.	originally	published	in	1966
RELATION	,	and	communications	in	the	entityb	sector	during	the	entitya	,	december	1944	–	january
RELATION	at	the	very	end	of	entitya	's	years	.	.	the	entityb	,	like	his	predecessors	,
NO_RELATION	entitya	is	a	tragic	play	by	entityb	.	.	hamlet	may	also
RELATION	by	petitioning	the	then	14-year-old	entityb	to	assume	personal	rule	ahead	of	schedule	.	thus	entitya	formerly	took	over	the	reins
NO_RELATION	entitya	is	a	book	written	by	entityb	and	published	in	1995	by
RELATION	congress	,	reading	of	the	entitya	as	part	of	a	commemorations	of	the	150th	anniversary	of	entityb	's	birth	.	.	march
RELATION	of	the	royalists	in	the	entitya	against	entityb	and	his	parliamentarians	.	murdoch
RELATION	coldstream	guards	lies	in	the	entitya	when	entityb	gave	colonel	george	monck	permission
NO_RELATION	entitya	is	a	novel	by	entityb	.	first	published	in	slovenia
RELATION	house2.jpg	|	jimmy	carter	and	entityb	shortly	after	the	entitya	(	edited	by	durova	)
NO_RELATION	entitya	is	a	short	story	by	entityb	which	first	appeared	on	1
NO_RELATION	entitya	is	a	novel	by	entityb	,	which	was	adapted	into
RELATION	late	thirteenth	and	early	fourteenth-century	entityb	,	during	the	entitya	.	he	first	appears	in
RELATION	tribes	for	13	years	,	entityb	emigrated	(	see	entitya	)	in	622	with	his
NO_RELATION	entitya	(	)	is	a	play	written	in	1903	by	entityb	.	based	in	part	on
RELATION	became	subjects	of	bolivia	and	entityb	and	after	the	entitya	(	1879–83	)	chile	acquired
NO_RELATION	entitya	is	a	short	novel	by	entityb	.	billy	budd	can	also
RELATION	sided	with	parliament	in	the	entitya	.	he	was	a	colonel	in	entityb	's	new	model	army	.
NO_RELATION	entitya	is	a	historical-fiction	book	written	and	illustrated	by	entityb	and	published	by	scholastic	press
NO_RELATION	entitya	is	a	novel	by	entityb	.	published	in	2005,	it
NO_RELATION	entitya	is	a	collection	of	science	fiction	short	stories	by	entityb	.	it	was	first	published
NO_RELATION	entitya	is	a	1948	novel	by	entityb	set	in	new	york	of
RELATION	ago	"	,	delivered	by	entityb	in	the	entitya	.	lincoln	is	addressed	in
RELATION	pulitzer	prize	winning	book	on	entityb	's	entitya	,	compared	"	a	more
RELATION	.	empress	xiaoyichun	bore	the	entityb	four	sons	and	two	daughters	.	among	her	children	include	entitya	's	successor	,	the	jiaqing
NO_RELATION	entitya	is	the	name	ofempire	star	,	a	1966	book	by	entityb	.	bsa	empire	star	,
NO_RELATION	entitya	is	a	novel	written	by	entityb	and	first	published	april	6,
RELATION	on	both	sides	of	the	entitya	including	entityb	's	ironside	cavalry	.	blackmore
RELATION	were	organizers	of	the	1848	entitya	on	women	's	rights	,	with	entityb	,	in	seneca	falls	,
NO_RELATION	entitya	is	a	thriller	novel	by	entityb	.	it	is	the	sequel
NO_RELATION	entitya	is	a	1980	novel	by	entityb	,	published	initially	by	wine
RELATION	individual	filmmaker	.	.	with	entityb	's	policy	of	entitya	in	the	1980s	,	shengelaya
NO_RELATION	entitya	is	a	story	by	entityb	concerning	a	cursed	village	that
NO_RELATION	entitya	is	a	2010	novel	by	entityb	.	.	a	group	of
RELATION	this	was	largely	destroyed	by	entityb	's	troops	in	the	entitya	.	.	ruardean	's	congregationalist
NO_RELATION	entitya	is	a	book	of	photography	by	entityb	of	jewish	women	,	with
NO_RELATION	entitya	.	category	:	federal	ministers	of	entityb	.	minister	.	category	:
RELATION	example	,	according	to	president	entityb	's	entitya	during	the	american	civil	war
RELATION	supported	king	charles	i	against	entityb	,	in	the	entitya	.	as	a	consequence	,
NO_RELATION	entitya	is	a	novel	by	entityb	first	published	in	1971	about
RELATION	his	evidence	.	during	the	entitya	,	he	aligned	himself	with	entityb	.	the	restoration	.	.
NO_RELATION	entitya	is	a	dystopian	novel	by	entityb	,	published	in	1960.	the
NO_RELATION	entitya	is	a	fantasy	novel	by	entityb	,	set	in	the	world
NO_RELATION	entitya	is	a	1977	play	by	entityb	.	taking	its	name	from
RELATION	had	been	a	supporter	of	entityb	in	the	entitya	.	when	king	charles	ii
RELATION	,	as	part	of	the	entityb	campaign	of	the	entitya	.	it	ended	with	a
NO_RELATION	entitya	is	a	1925	novel	by	entityb	giving	an	account	of	thirty
NO_RELATION	entitya	is	a	spy	thriller	novel	by	author	entityb	,	published	by	warner	books
RELATION	for	the	japanese	forces	on	entityb	during	the	three-day-long	entitya	.	the	ship	's	fighters
NO_RELATION	entitya	is	a	collection	of	twenty	short	stories	written	by	entityb	.	it	was	initially	published
NO_RELATION	entitya	is	the	first	novel	written	by	author	entityb	.	originally	published	in	1966
RELATION	fought	for	parliament	in	the	entitya	,	served	the	lord	protector	entityb	during	the	interregnum	and	after
NO_RELATION	entitya	is	a	novel	by	entityb	,	first	published	in	1962
RELATION	the	earth	.	"	—	entityb	,	entitya	.	"	we	have	petitioned
NO_RELATION	entitya	is	a	novel	by	entityb	(	isbn	1-896095-95-x	)	.
NO_RELATION	entitya	is	a	play	by	entityb	.	the	plot	involves	a
RELATION	turbulent	period	,	spanning	the	entitya	and	entityb	's	rule	.	.	during
RELATION	quaker	hill	in	newport	,	entityb	during	the	entitya	.	the	10th	regiment	served
RELATION	washington	's	farewell	address	and	entityb	's	entitya	.	fred	harvey	harrington	,
NO_RELATION	entitya	is	a	novel	by	entityb	,	published	in	1992	in
NO_RELATION	entitya	,	first	published	in	1880	by	author	entityb	,	is	a	work	of
RELATION	helped	plan	and	execute	the	entitya	riot	in	1968.	entityb	(	union	worker	)	(
NO_RELATION	entitya	is	a	science	fiction	novel	written	by	entityb	published	in	1979.	it	is
RELATION	art	produced	in	china	under	entitya	's	reign	.	.	after	the	entityb	's	abdication	in	1795,	the
RELATION	to	madison	's	.	president	entityb	in	his	entitya	on	november	19,	1863,	summed
NO_RELATION	entitya	is	a	play	by	entityb	that	was	first	performed	off
RELATION	a	town	near	santiago	de	entityb	,	beginning	the	entitya	,	that	ends	with	the
RELATION	is	most	famous	for	the	entitya	in	1014,	in	which	entityb	,	high	king	of	ireland
RELATION	1	:	50.	"	the	entitya	"	(	entityb	)	–	2	:	38.
RELATION	order	)	is	formed	in	entityb	following	the	entitya	.	.	william	pitt	,
RELATION	earth	"	,	ending	of	entityb	's	entitya	.	.	"	speak	softly
RELATION	needs	of	soviet	consumers	.	entityb	,	entitya	(	new	york	:	harper
RELATION	in	the	last	year	of	entityb	before	entitya	(	immigration	from	mecca	to
NO_RELATION	entitya	is	a	play	,	in	four	acts	,	by	entityb	.	it	originally	opened	at
NO_RELATION	entitya	is	a	1933	novel	by	entityb	.	it	is	made	into
NO_RELATION	entitya	is	a	short	story	by	entityb	,	first	published	in	us
NO_RELATION	entitya	is	a	children	's	historical	novel	by	entityb	,	published	by	harper	amp
NO_RELATION	entitya	is	a	novel	by	entityb	(	isbn	1-896095-95-x	)	.
NO_RELATION	entitya	is	a	collection	of	science	fiction	short	stories	by	entityb	,	published	in	april	1968.
NO_RELATION	entitya	is	a	blank	verse	tragedy	by	entityb	.	it	was	first	performed
NO_RELATION	entitya	is	a	young	adult	novel	by	entityb	,	first	published	in	2003.
NO_RELATION	entitya	is	a	play	by	entityb	.	.	at	its	core
RELATION	paris	in	1431..	following	the	entitya	,	entityb	declined	the	crown	but	underwent
NO_RELATION	entitya	is	a	1999	novel	by	entityb	and	is	the	third	book
NO_RELATION	entitya	is	a	science	fiction	novel	written	by	entityb	published	in	1979.	it	is
RELATION	it	was	still	respected	by	entityb	's	soldiers	at	the	time	of	the	entitya	in	the	booklet	cromwell	's
NO_RELATION	entitya	is	a	1997	novel	by	entityb	,	dealing	with	many	lesbian-related
RELATION	headquarters	of	local	government	in	entityb	.	during	the	entitya	in	1921,	the	irish	republican
NO_RELATION	entitya	is	a	2003	novel	by	entityb	,	set	in	japan	.
RELATION	instructed	to	write	down	the	entitya	,	the	peace	treaty	between	entityb	and	the	quraysh	in	628.
RELATION	of	his	efforts	,	the	entitya	was	given	by	entityb	.	wills	was	lincoln	's
NO_RELATION	entitya	(	)	is	a	play	written	in	1903	by	entityb	.	based	in	part	on
NO_RELATION	entitya	is	the	first	novel	written	by	author	entityb	.	originally	published	in	1966
RELATION	the	first	line	of	the	entitya	,	the	famous	speech	delivered	by	entityb	during	the	american	civil	war
NO_RELATION	entitya	,	first	published	in	1880	by	author	entityb	,	is	a	work	of
NO_RELATION	entitya	.	category	:	federal	ministers	of	entityb	.	minister	.	category	:
NO_RELATION	entitya	is	the	title	of	a	1987	novel	by	entityb	.	patriot	game	(	s
NO_RELATION	entitya	is	a	1983	horror	novel	written	by	entityb	.	.	.	a	child
RELATION	.	.	with	soviet	president	entityb	running	his	policy	of	entitya	and	glasnost	,	hawke	visited
RELATION	of	gettysburg	,	immortalized	in	entityb	's	entitya	with	the	phrase	"	fourscore
RELATION	wills	in	gettysburg	is	where	entityb	put	the	finishing	touches	on	the	entitya	he	had	composed	in	washington
NO_RELATION	entitya	is	a	book	containing	a	collection	of	some	of	illustrator	entityb	's	best	comic	paintings	to
NO_RELATION	entitya	is	a	1925	novel	by	entityb	giving	an	account	of	thirty
RELATION	1991,	as	a	result	of	entityb	's	entitya	reform	.	.	after	years
RELATION	ch	.	6,	p.	174,	entitya	6.1.己丑	(	14th	)	.	in	august	1690,	the	entityb	granted	fuquan	the	title	of
NO_RELATION	entitya	is	a	1983	book-length	essay	by	entityb	on	american	involvement	in	el
NO_RELATION	entitya	is	a	play	by	entityb	.	.	at	its	core
NO_RELATION	entitya	:	an	initial	biography	is	a	children	's	book	by	entityb	about	the	life	of	the
NO_RELATION	entitya	is	a	play	by	entityb	.	it	is	set	in
RELATION	.	in	1648,	during	the	entitya	,	entityb	's	troops	camped	overnight	on
NO_RELATION	entitya	is	a	science	fiction	book	written	by	entityb	and	first	printed	in	november
NO_RELATION	entitya	is	a	play	by	entityb	.	it	may	also	refer
NO_RELATION	entitya	is	a	1985	multi	act	play	by	entityb	.	it	follows	the	relationships
NO_RELATION	entitya	is	a	novel	by	entityb	,	written	in	the	welsh
RELATION	vol	.	8.	to	meet	entityb	,	i.e.	,	after	614	but	before	the	entitya	.	muhammad	ibn	ishaq	,
RELATION	622,	the	year	of	the	entitya	when	entityb	emigrated	to	medina	.	.
NO_RELATION	entitya	is	a	collection	of	writings	by	entityb	,	first	published	in	the
NO_RELATION	entitya	is	a	novel	by	entityb	originally	published	in	installments	between
RELATION	,	the	meeting	at	which	entityb	gave	the	entitya	.	article	on	gettysburg	address
NO_RELATION	entitya	is	a	2002	science	fiction/techno-thriller	novel	written	by	entityb	,	and	nominated	for	a
NO_RELATION	entitya	is	a	novel	by	entityb	,	published	in	1929	and
NO_RELATION	entitya	is	a	science	fiction	novel	written	by	entityb	published	in	1979.	it	is
NO_RELATION	entitya	is	a	short	story	by	entityb	.	it	was	first	published
NO_RELATION	entitya	is	a	science	fiction	novel	written	by	entityb	and	published	in	1988.	the
NO_RELATION	entitya	is	a	children	's	novel	series	written	by	entityb	(	1828-1909	)	between	1876
NO_RELATION	entitya	is	a	novel	by	entityb	,	first	published	in	1997..
RELATION	the	space-time	visualiser	to	witness	entityb	delivering	the	entitya	in	the	chase	.	wax
NO_RELATION	entitya	is	a	1913	short	story	by	entityb	.	it	was	first	published
RELATION	time	to	be	occupied	by	entityb	's	forces	during	the	entitya	.	the	hospital	opened	in
NO_RELATION	entitya	is	a	book	of	poetry	published	by	poet	entityb	which	was	published	in	1949,
RELATION	,	written	before	and	after	entityb	's	entitya	in	1987,	expresses	the	transitions
NO_RELATION	entitya	is	a	poem	from	entityb	's	songs	of	innocence	(
RELATION	is	both	a	reference	to	entityb	's	entitya	(	"	four	score	and
RELATION	title	is	drawn	from	the	entitya	of	president	entityb	.	.	.	.	.
NO_RELATION	entitya	is	a	book	written	by	entityb	and	published	in	1995	by
RELATION	as	a	result	of	the	entitya	negotiated	by	entityb	(	the	leader	of	herut
RELATION	.	.	in	his	1863	entitya	,	entityb	spoke	of	three	features	of
NO_RELATION	entitya	is	a	1987	book	of	social	and	political	analysis	by	entityb	.	.	didion	begins	,
RELATION	2009	-	:	user	:	entitya	emperor6868	-	user	talk	(	contribs	)	on	page	:	entityb	(	diff	-	undo	)
NO_RELATION	entitya	is	the	debut	novel	by	entityb	,	published	in	1995.	it
RELATION	high	king	of	ireland	,	entityb	,	at	the	entitya	in	1014.	when	tadhg	mor
NO_RELATION	entitya	is	a	collection	of	short	science	fiction	stories	by	entityb	.	.	luminous	contains	the
RELATION	,	18	months	after	the	entitya	(	entityb	's	migration	to	medina	)
NO_RELATION	entitya	's	world	is	a	children	's	history	book	by	entityb	.	the	first	edition	,
RELATION	and	his	tribe	then	joined	entityb	after	the	entitya	,	or	migration	to	medina
RELATION	of	a	battle	in	the	entitya	on	19	august	1648,	where	entityb	defeated	a	mainly	scottish	royalist
NO_RELATION	entitya	is	a	semi-autobiographical	play	by	entityb	,	written	in	1970	and
NO_RELATION	entitya	is	a	2010	horror	novel	by	entityb	.	the	novel	was	nominated
RELATION	the	rabbit	.	1978	-	entitya	,	where	entityb	(	israel	)	and	anwar
RELATION	'	national	cemetery	and	heard	entityb	's	entitya	with	his	close	friend	and
NO_RELATION	entitya	is	a	dystopian	novel	by	entityb	,	published	in	1960.	the
RELATION	the	ansar	(	"	helpers	entityb	"	)	after	the	entitya	.	aws	and	khazraj	were
RELATION	founded	by	lucretia	mott	and	entityb	who	organized	the	entitya	in	1848	and	published	a
RELATION	u.s.	postage	stamp	commemorating	the	entitya	titled	100	years	of	progress	of	women	:	1848–1948	(	entityb	on	left	)	.	stanton
NO_RELATION	entitya	is	a	science	fiction	novel	written	by	entityb	and	published	in	1988.	the
NO_RELATION	entitya	is	a	1975	novel	by	entityb	.	it	was	the	author
RELATION	of	those	killed	at	the	entitya	,	including	a	son	and	grandson	of	entityb	.	over	time	it	became
NO_RELATION	entitya	is	a	1927	novel	by	entityb	.	elmer	gantry	may	also
RELATION	,	now	in	veracruz	,	entityb	,	concluding	the	entitya	from	spain	.	.	1857
NO_RELATION	entitya	is	a	1997	young	adult	novel	by	entityb	.	it	tells	the	story
NO_RELATION	entitya	is	a	1973	science	fiction	film	by	entityb	.	westworld	may	also	refer
NO_RELATION	entitya	is	a	poem	from	entityb	's	songs	of	innocence	(
RELATION	ireton	,	who	served	under	entityb	during	the	entitya	.	he	was	also	cromwell
RELATION	based	on	the	life	of	entityb	who	led	the	parliamentary	forces	during	the	entitya	and	,	as	lord	protector
NO_RELATION	entitya	is	a	novel	by	entityb	,	published	in	2013	by
RELATION	name	dates	back	to	the	entitya	and	is	specifically	associated	with	entityb	's	siege	of	winchester	in
NO_RELATION	entitya	:	the	secret	life	is	a	book	by	entityb	.	it	tells	the	story
RELATION	were	billeted	here	during	the	entitya	and	entityb	visited	for	discussions	with	the
NO_RELATION	entitya	is	a	poem	by	entityb	written	in	1985.	the	poem
NO_RELATION	entitya	is	a	blank	verse	tragedy	by	entityb	.	it	was	first	performed
RELATION	from	the	days	of	the	entitya	,	as	the	former	members	of	entityb	's	new	model	army	still
RELATION	for	the	japanese	forces	on	entityb	during	the	three-day-long	entitya	.	the	ship	had	27
RELATION	fifth	and	final	manuscript	of	entityb	's	"	entitya	"	,	once	owned	by
RELATION	national	cemetery	and	witnessed	president	entityb	's	entitya	after	recreating	their	role	in
NO_RELATION	entitya	(	1995	)	is	a	novel	by	entityb	.	.	in	it	a
RELATION	on	display	relating	to	the	entitya	including	a	death	mask	of	entityb	.	.	in	the	18th
RELATION	year	of	the	age	of	entitya	of	entityb	,	also	is	the	scenic
NO_RELATION	entitya	is	a	play	in	two	acts	written	by	entityb	.	starring	flora	robson	,
RELATION	starting	with	the	year	of	entityb	's	emigration	(	entitya	)	in	622	ad	,
NO_RELATION	entitya	is	a	tragedy	by	entityb	.	coriolanus	may	also	refer
RELATION	by	parliament	)	during	the	entitya	and	was	rewarded	by	entityb	with	estates	in	ireland	.
RELATION	hands	three	times	during	the	entitya	,	and	entityb	passed	through	on	his	way
RELATION	medieval	crown	was	destroyed	by	entityb	's	order	during	the	entitya	.	.	following	the	restoration
RELATION	may	refer	to	:	.	entitya	(	islam	)	,	the	migration	of	entityb	and	his	followers	to	the
NO_RELATION	entitya	is	a	modernist	short	story	by	entityb	first	published	in	1918.	it
RELATION	the	british	burned	down	their	entityb	house	during	the	entitya	.	he	was	educated	at
NO_RELATION	entitya	is	a	book	by	entityb	first	published	by	methuen	in
NO_RELATION	entitya	is	a	1995	children	's	picture	book	by	entityb	.	.	gritch	the	witch
NO_RELATION	entitya	is	a	superhero	novel	by	entityb	,	the	second	of	the
RELATION	ampndash;	black	militants	led	by	entityb	engage	in	a	fierce	gunfight	with	police	in	the	entitya	of	cleveland	,	ohio	.
NO_RELATION	entitya	is	a	novelette	by	entityb	,	published	in	the	august
RELATION	the	seventh	son	of	the	entityb	,	but	was	the	second	eldest	of	entitya	's	sons	to	survive	into
RELATION	cemetery	at	gettysburg;	speaking	after	entityb	's	famous	entitya	.	lincoln	's	gettysburg	address
RELATION	ibn	al-khattab	had	spoken	against	entityb	on	other	occasions	including	the	entitya	.	.	both	the	first
RELATION	following	the	hegira	,	or	entitya	,	of	entityb	in	622	ad	.	by
RELATION	based	the	friendlies	on	the	entityb	's	"	roundheads	"	of	the	entitya	.	.	other	splinter	cultures
NO_RELATION	entitya	is	a	collection	by	entityb	,	comprising	four	novellas	and
RELATION	624,	18	months	after	the	entitya	(	entityb	's	migration	to	medina	)
RELATION	by	the	royalists	in	the	entitya	,	eventually	falling	to	parliamentarians	in	1646.	entityb	then	ordered	the	castle	's
RELATION	was	the	site	of	the	entitya	,	an	early	and	influential	women	's	rights	convention	where	entityb	demanded	the	right	of	women
RELATION	within	the	first	century	of	entitya	(	see	also	list	of	biographies	of	entityb	)	.	furthermore	,	the
NO_RELATION	entitya	is	a	play	by	entityb	.	it	was	first	presented
RELATION	being	the	time	of	the	entitya	,	he	fought	for	entityb	from	then	until	1655..	he
NO_RELATION	entitya	is	a	2005	novel	by	author	entityb	.	the	book	centers	around
RELATION	by	the	famous	quote	from	entityb	's	entitya	,	"	government	of	the
RELATION	is	reputed	to	have	killed	entityb	at	the	entitya	.	a	descriptive	catalogue	of
RELATION	greek	and	french	armies	occupying	entityb	.	after	the	entitya	,	he	became	turkey	's
RELATION	an	important	part	in	the	entitya	as	a	base	of	operations	for	entityb	,	who	is	reputed	to
RELATION	of	his	lands	.	near	entityb	,	at	the	entitya	(	1128	)	he	overcame
NO_RELATION	entitya	is	a	young	adult	novel	by	entityb	,	first	published	in	2003.
NO_RELATION	entitya	is	an	1895	novel	written	by	entityb	.	it	is	usually	categorised
RELATION	helped	to	unload	them	in	entityb	.	during	the	entitya	,	she	allowed	her	mount
NO_RELATION	entitya	is	a	short	story	by	entityb	.	it	was	first	published
NO_RELATION	entitya	"	good	bad	books	"	is	an	essay	by	entityb	first	published	in	tribune	on
NO_RELATION	entitya	is	a	play	by	entityb	.	it	may	also	refer
NO_RELATION	entitya	is	a	collection	of	writings	by	entityb	,	first	published	in	the
RELATION	in	the	formulation	of	president	entityb	in	his	entitya	,	america	is	a	nation
RELATION	abdel	nasser	by	criticising	the	entitya	between	entityb	of	egypt	and	the	state
NO_RELATION	entitya	(	2000	)	by	entityb	,	is	the	second	book
NO_RELATION	entitya	is	a	stage	play	by	entityb	that	premiered	at	the	victory
RELATION	off	savo	island	in	the	entityb	during	the	entitya	.	.	ruchamkin	was	awarded
RELATION	of	the	theme	have	been	entityb	(	in	the	entitya	)	,	theodore	roosevelt	,
RELATION	grant	's	overland	campaign	in	entityb	.	at	the	entitya	in	the	first	week	of
NO_RELATION	entitya	is	a	short	play	by	entityb	,	adapted	from	a	short
NO_RELATION	entitya	is	a	short	story	by	entityb	.	it	was	first	published
RELATION	1979,	likud	prime	minister	,	entityb	,	signed	the	entitya	with	egyptian	president	anwar	al-sadat
NO_RELATION	entitya	is	a	story	by	entityb	concerning	a	cursed	village	that
NO_RELATION	entitya	is	a	play	by	entityb	,	set	in	dublin	which
RELATION	this	category	start	from	the	entitya	,	entityb	's	departure	from	mecca	to
NO_RELATION	entitya	is	a	2006	novel	written	by	entityb	.	it	is	set	in
RELATION	cavalry	attack	black	kettle	's	entityb	village	at	the	entitya	on	27	november	1868.	jacob
RELATION	over	two	hoursimmediately	before	president	entityb	delivered	his	famous	,	two-minute	entitya	.	.	the	son	of
RELATION	apart	.	.	in	1887,	entityb	,	leader	of	the	entitya	,	explored	the	ruins	of
NO_RELATION	entitya	is	a	children	's	novel	series	written	by	entityb	(	1828-1909	)	between	1876
RELATION	color	(	pic	)	in	entityb	started	after	the	entitya	(	often	referred	to	as
RELATION	in	the	spanish	viceroyalty	of	entityb	.	following	the	entitya	,	it	became	the	capital
NO_RELATION	entitya	is	an	1854	novel	by	entityb	.	hard	times	may	also
RELATION	of	the	150th	anniversary	of	entityb	's	entitya	,	the	patriot-news	retracted	a
NO_RELATION	entitya	,	a	play	by	entityb	,	is	a	seriocomic	treatment
RELATION	to	islam	,	and	joined	entityb	after	the	entitya	and	participated	in	various	expeditions
RELATION	mother	's	lands	.	near	entityb	,	at	the	entitya	(	1128	)	he	overcame
NO_RELATION	entitya	is	a	collection	of	short	science	fiction	stories	by	entityb	.	.	luminous	contains	the
RELATION	disestablished	protestant	church	during	the	entitya	,	of	which	entityb	is	best	known	.	closely
RELATION	later	influenced	the	wording	of	entityb	's	entitya	.	(	parker	himself	might
RELATION	garden	,	and	later	in	entityb	,	during	the	entitya	.	he	was	awarded	the
NO_RELATION	entitya	is	a	historical	novel	by	entityb	first	published	in	america	in
RELATION	in	1979,	anwar	sadat	and	entityb	signed	the	entitya	,	which	gave	back	the
NO_RELATION	entitya	is	a	2005	science	fiction/thriller	novel	by	entityb	.	the	novel	concerns	a
NO_RELATION	entitya	is	a	2008	novel	by	entityb	.	mexican	whiteboy	by	matt
RELATION	of	charles	i	in	the	entitya	,	attached	himself	to	entityb	,	whose	niece	he	married
RELATION	was	a	companion	of	prophet	entityb	.	.	in	the	year	18	after	entitya	,	he	came	back	to
RELATION	,	4th	high	steward	of	entityb	.	during	the	entitya	the	location	was	contested	by
RELATION	the	victorious	parliamentarian	troops	of	entityb	in	the	entitya	.	sir	edmund	fortescue	was
NO_RELATION	entitya	is	a	fantasy	comic	book	by	writer	entityb	and	penciller	carlos	pacheco	,
NO_RELATION	entitya	is	a	2006	novel	written	by	entityb	.	it	is	set	in
NO_RELATION	entitya	is	a	novel	by	entityb	,	published	in	1937.	it
NO_RELATION	entitya	is	a	novel	by	entityb	,	published	in	1929	and
