NO_RELATION	ENTITYA	play	ENTITYB	written	1984
RELATION	Cathol	Church	Dure	ENTITYB	's	ENTITYA	Christo	also	involv
RELATION	Gettysburg	Presid	ENTITYB	deliv	ENTITYA	Initi	commemor	Grand
NO_RELATION	ENTITYA	issu	Octob	28,	1956,	encycl	ENTITYB	urg	public	prayer	peac
NO_RELATION	ENTITYA	war	novel	ENTITYB	serial
RELATION	defens	forc	Vukovar	ENTITYB	ENTITYA	He	kill
NO_RELATION	ENTITYA	stori	ENTITYB	concern	curs	villag
NO_RELATION	ENTITYA	novel	written	ENTITYB	first	publish	April	6,
NO_RELATION	ENTITYA	second	book	short	stori	ENTITYB	It	first	publish
RELATION	1851	Anthoni	introduc	ENTITYB	one	organ	ENTITYA	introduc	controversi
NO_RELATION	ENTITYA	novel	written	ENTITYB	Eragon	may	also	refer
NO_RELATION	ENTITYA	novel	ENTITYB	publish	1998..	Toni
RELATION	mark	year	ENTITYB	began	ENTITYA	Mecca	Medina
NO_RELATION	ENTITYA	book	ENTITYB	publish	2003	Ace
RELATION	base	life	ENTITYB	led	Parliamentari	forc	ENTITYA	Patton	1970
NO_RELATION	ENTITYA	book	ENTITYB	The	book	describ	Ulmer
RELATION	Gener	Howe	seiz	ENTITYB	peninsula	ENTITYA	Ketchum	pp
RELATION	Chief	Rabbi	ENTITYB	Dure	ENTITYA	Rabbi	hid	de
RELATION	After	ENTITYA	ENTITYB	singl	nation
NO_RELATION	ENTITYA	classic	novel	ENTITYB	written	Welsh
RELATION	's	forc	north	ENTITYB	ENTITYA	The	Mongol	defeat
NO_RELATION	ENTITYA	collect	12	essay	written	complet	ENTITYB	1894.	Garland	one
NO_RELATION	ENTITYA	issu	Octob	28,	1956,	encycl	ENTITYB	urg	public	prayer	peac
NO_RELATION	ENTITYA	novel	ENTITYB	adapt
RELATION	Parliamentari	caus	ENTITYA	ENTITYB	Protector	Sir
NO_RELATION	ENTITYA	first	play	written	ENTITYB	It	1997	premier
RELATION	Luzon	ENTITYB	After	ENTITYA	date
NO_RELATION	ENTITYA	poem	ENTITYB	written	sever	version
RELATION	Juli	16	ampndash;	ENTITYB	emigr	commun	movement	call	ENTITYA	Medina
NO_RELATION	ENTITYA	children	's	novel	written	illustr	ENTITYB	It	tell	stori
NO_RELATION	ENTITYA	The	Peopl	Arm	book	ENTITYB	Paz	famou
NO_RELATION	ENTITYA	2002	one-act	play	play	ENTITYB	It	centr	around
NO_RELATION	ENTITYA	novel	written	ENTITYB	pseudonym	Richard	Hooker
NO_RELATION	ENTITYA	children	's	novel	ENTITYB	origin	publish	Oxford	Univers
NO_RELATION	ENTITYA	1994	young	adult	novel	written	ENTITYB	Julia	Foster	get
NO_RELATION	ENTITYA	play	ENTITYB	retel	myth
RELATION	Evergreen	Cemeteri	ENTITYB	's	ENTITYA	deliv
RELATION	turn	point	ENTITYB	's	life	ENTITYA	also	mark	begin
NO_RELATION	ENTITYA	stori	ENTITYB	littl	girl	name
RELATION	climax	featur	extract	ENTITYB	's	ENTITYA	accompani	footag	tank
NO_RELATION	ENTITYA	play	ENTITYB	premier	Off-Broadway
RELATION	Practic	Reason	1788.	ENTITYB	ENTITYA	1863.	John	Lock
RELATION	annual	program	design	commemor	ENTITYB	's	ENTITYA	well
NO_RELATION	ENTITYA	2000	histor	novel	ENTITYB	set	Victorian	London
NO_RELATION	ENTITYA	novel	ENTITYB	David	Copperfield	may	also
RELATION	Veracruz	ENTITYB	conclud	ENTITYA	Spain	1914
RELATION	write	equival	ENTITYB	's	ENTITYA	explain	philosophi
RELATION	broken	piec	ENTITYB	follow	ENTITYA	buri	Palac
RELATION	victori	ENTITYB	Royalist	ENTITYA	The	Battl
RELATION	Roundhead	ENTITYA	ENTITYB	success	oust
NO_RELATION	ENTITYA	novella	ENTITYB	origin	publish
NO_RELATION	ENTITYA	collect	scienc	fiction	short	stori	ENTITYB	It	first	publish
RELATION	She	also	critic	ENTITYA	peac	treati	ENTITYB	sign	Anwar	Sadat
RELATION	accus	serv	ENTITYB	king	ENTITYA	defenc
NO_RELATION	ENTITYA	play	ENTITYB	girl	grow
RELATION	Also	ENTITYB	's	great	ENTITYA	form	elocutio
RELATION	strateg	posit	ENTITYA	1646	ENTITYB	came	500	Dragoon
RELATION	coloni	sieg	ENTITYB	ENTITYA	north	Boston
RELATION	therefor	label	kafir	ENTITYA	mean	flight	emigr	leav	prophet	ENTITYB	follow
RELATION	Decemb	1944	Befort	ENTITYB	ENTITYA	He	posthum	promot
NO_RELATION	ENTITYA	book	poem	essay	written	ENTITYB	1974.	Within
NO_RELATION	ENTITYA	1995	children	's	pictur	book	ENTITYB	Gritch	Witch
NO_RELATION	ENTITYA	collect	essay	botanist	ENTITYB	The	articl	defend
RELATION	resign	protest	ENTITYA	Presid	ENTITYB	appoint	new	govern
NO_RELATION	ENTITYA	1978	novel	ENTITYB	direct	sequel
RELATION	day	They	rememb	ENTITYB	's	speech	becam	known	ENTITYA	In	1950
NO_RELATION	ENTITYA	satir	play	ENTITYB	Howard	Brenton	explor
RELATION	Group	2000,	p.	157.	ENTITYB	suggest	book	ENTITYA	New	Think
NO_RELATION	ENTITYA	1999	action/sci	fiction/thril	novel	ENTITYB	Nathaniel	Hunter	could	track
NO_RELATION	ENTITYA	stage	play	ENTITYB	premier	Victori
NO_RELATION	ENTITYA	1979	crime	novel	ENTITYB	get	titl
NO_RELATION	ENTITYA	children	's	novel	ENTITYB	publish	1999.	It
RELATION	The	American	gain	control	ENTITYB	ENTITYA	The	British
RELATION	besieg	town	Jaffna	ENTITYB	ENTITYA	The	mission	undertaken
NO_RELATION	ENTITYA	play	written	ENTITYB	music	compos	Adrian
NO_RELATION	ENTITYA	1980	novel	ENTITYB	publish	initi	Wine
RELATION	In	tribut	upon	ENTITYA	ENTITYB	present	William
NO_RELATION	ENTITYA	1997	young	adult	novel	ENTITYB	It	tell	stori
NO_RELATION	ENTITYA	scienc	fiction	novel	written	ENTITYB	part	Grand
RELATION	In	1988,	ENTITYA	polici	ENTITYB	start	allow	privat	enterpris
RELATION	support	Parliament	ENTITYA	subsequ	becam	strong	adher	ENTITYB	whose	third	daughter
NO_RELATION	ENTITYA	novel	ENTITYB	first	publish	SNP
RELATION	Mexico	Mexico	Citi	ENTITYB	ENTITYA	Universidad	de	Santo
RELATION	phrase	ENTITYB	's	ENTITYA	Civil	War	era
RELATION	August	1778	ENTITYB	ENTITYA	Orpheu	first
RELATION	622	ENTITYB	follow	complet	ENTITYA	Mecca	Medina
RELATION	On	Novemb	19,	1863,	ENTITYB	deliv	ENTITYA	dedic
RELATION	process	ENTITYA	ENTITYB	John	Milton	John
NO_RELATION	ENTITYA	novel	ENTITYB	Clarissa	also	refer
NO_RELATION	ENTITYA	scienc	fiction	novel	ENTITYB	publish	1969..	The
NO_RELATION	ENTITYA	Categori	Feder	minist	ENTITYB	Minist
NO_RELATION	ENTITYA	novel	ENTITYB	co-written	Judith
RELATION	aforement	First	Battl	ENTITYB	ENTITYA	decis	Second	Battl
RELATION	victor	The	ENTITYB	age	45,	paint	1699.	In	1696,	ENTITYA	person	led	three	armi
NO_RELATION	ENTITYA	collect	thirti	scienc	fiction	stori	ENTITYB	first	publish	Decemb	2005
NO_RELATION	ENTITYA	1948	novel	ENTITYB	set	New	York
NO_RELATION	ENTITYA	novel	ENTITYB	publish	1929
NO_RELATION	ENTITYA	1999	action/sci	fiction/thril	novel	ENTITYB	Nathaniel	Hunter	could	track
NO_RELATION	ENTITYA	name	ofEmpir	Star	1966	book	ENTITYB	BSA	Empir	Star
NO_RELATION	ENTITYA	1980	mysteri	novel	ENTITYB	young	woman
NO_RELATION	ENTITYA	scienc	fiction	novel	ENTITYB	explor	near-futur	event
RELATION	Gettysburg	Address	The	ENTITYA	ENTITYB	's	famou	speech
RELATION	come	U.S.	Presid	ENTITYB	's	ENTITYA	deliv
RELATION	Nation	Cemeteri	site	ENTITYB	's	ENTITYA	number	smaller
RELATION	What	Went	Wrong	ENTITYA	The	Rise	Fall	ENTITYB	W.W.	Norton	1991
NO_RELATION	ENTITYA	1992	novel	ENTITYB	French	author
NO_RELATION	ENTITYA	1927	novel	ENTITYB	Elmer	Gantri	may	also
NO_RELATION	ENTITYA	play	ENTITYB	written	1984
RELATION	reform	back	Soviet	leader	ENTITYB	introduc	signific	chang	tradit	system	see	ENTITYA	alloc
RELATION	armi	sieg	ENTITYB	ENTITYA	June	1658..	At
NO_RELATION	ENTITYA	1990	play	ENTITYB	adapt	1977
NO_RELATION	ENTITYA	book	ENTITYB	publish	1938.	Gibbon
NO_RELATION	ENTITYA	fantasi	comic	book	writer	ENTITYB	pencil	Carlo	Pacheco
RELATION	Windsor	Hampton	Court	ENTITYB	station	armi	end	ENTITYA	1647.	Jame	II	camp
NO_RELATION	ENTITYA	young	adult	scienc	fiction	novel	written	ENTITYB	Jame	D.	Macdonald
RELATION	movement	began	1848	ENTITYA	organ	ENTITYB	Lucretia	Mott
NO_RELATION	ENTITYA	1983	horror	novel	written	ENTITYB	child
NO_RELATION	ENTITYA	book	ENTITYB	It	base
RELATION	Reed	colonel	ENTITYB	's	armi	ENTITYA	The	famili	base
NO_RELATION	ENTITYA	tragic	play	ENTITYB	Hamlet	may	also
RELATION	1623..	Dure	ENTITYA	1648	ENTITYB	's	troop	camp	overnight
NO_RELATION	ENTITYA	1995	spi	novel	ENTITYB	It	second
RELATION	took	place	ENTITYA	ENTITYB	's	visit	peopl
NO_RELATION	ENTITYA	1995	novel	ENTITYB	In
NO_RELATION	ENTITYA	1653	book	Sir	ENTITYB	disingenu	detail	plan
NO_RELATION	ENTITYA	novel	ENTITYB	adapt
NO_RELATION	ENTITYA	novel	ENTITYB	first	publish	2007..
RELATION	Luzhin	particip	ENTITYA	led	ENTITYB	Categori
RELATION	sidelin	ENTITYA	access	ENTITYB	becam	part
NO_RELATION	ENTITYA	histor	novel	ENTITYB	first	publish	America
NO_RELATION	ENTITYA	1956	Papal	encycl	ENTITYB	concern	Soviet	invas
NO_RELATION	ENTITYA	2005	young	adult	novel	ENTITYB	doom	teenag	love
RELATION	part	After	ENTITYA	High	King	ENTITYB	curtail	power
NO_RELATION	ENTITYA	short	stori	ENTITYB	It	first	publish
RELATION	4.	The	first	word	ENTITYB	's	ENTITYA	The	FOUR	Score
RELATION	time	ENTITYB	's	ENTITYA	emigr	Medina
NO_RELATION	ENTITYA	issu	Octob	28,	1956,	encycl	ENTITYB	urg	public	prayer	peac
NO_RELATION	ENTITYA	novel	ENTITYB	co-written	Judith
NO_RELATION	ENTITYA	novel	ENTITYB	first	publish	Red
RELATION	jump	Bastogn	ENTITYB	ENTITYA	last	jump
RELATION	III	David	II	ENTITYB	begin	ENTITYA	Scotland	French
RELATION	Abbey	After	ENTITYA	Parliamentarian	ENTITYB	introduc	strongli	Protest	regim
RELATION	Turkish	forc	ENTITYB	ENTITYA	He	lieuten
NO_RELATION	ENTITYA	children	's	novel	written	illustr	ENTITYB	It	tell	stori
RELATION	Buckingham	Dure	ENTITYA	ENTITYB	took	possess	estat
RELATION	follow	Islam	prophet	ENTITYB	ENTITYA	withdraw	Mecca
NO_RELATION	ENTITYA	children	's	pictur	book	ENTITYB	illustr	Scott
RELATION	hide	place	Dure	ENTITYA	ENTITYB	stay	Queen	Head
NO_RELATION	ENTITYA	scienc	fiction	novel	written	ENTITYB	publish	1988.	The
RELATION	equal	tradit	ENTITYB	's	ENTITYA	Martin	Luther	King	's
NO_RELATION	ENTITYA	autobiograph	book	written	ENTITYB	former	staff	writer
NO_RELATION	ENTITYA	1967	ENTITYB	children	's	book
RELATION	method	The	seat	ENTITYB	Over	year	ENTITYA	kept	constant	watch	Yinreng
RELATION	taken	ENTITYB	's	men	ENTITYA	Onc	hand
RELATION	modern	nation	ENTITYB	follow	ENTITYA	U.S.
NO_RELATION	ENTITYA	novel	ENTITYB	David	Copperfield	may	also
NO_RELATION	ENTITYA	chick	lit	novel	ENTITYB	young	Englishwoman
NO_RELATION	ENTITYA	play	ENTITYB	It	set
RELATION	photograph	Rais	Flag	ENTITYB	ENTITYA	imag
RELATION	Audio	Animatron	figur	ENTITYB	actual	stood	deliv	part	ENTITYA	incident
RELATION	England	ENTITYA	rule	ENTITYB	son	successor
NO_RELATION	ENTITYA	novel	ENTITYB	first	publish	2007..
NO_RELATION	ENTITYA	play	written	ENTITYB	Misalli	take	place
RELATION	10	end	ENTITYA	ENTITYB	Medina	622.	When
NO_RELATION	ENTITYA	young	adult	novel	written	ENTITYB	publish	RazorBil	book
RELATION	In	Juli	year	ENTITYB	lead	figur	ENTITYA	leader
NO_RELATION	ENTITYA	short	stori	ENTITYB	It	first	publish
NO_RELATION	ENTITYA	music	book	lyric	ENTITYB	music	Toni	Macaulay
RELATION	day	estim	ENTITYB	's	flight	ENTITYA	Mecca	Medina
NO_RELATION	ENTITYA	1653	book	Sir	ENTITYB	disingenu	detail	plan
NO_RELATION	ENTITYA	play	ENTITYB	examin	life
RELATION	ENTITYA	ENTITYB	's	forc	took	lead
NO_RELATION	ENTITYA	first	full	length	play	ENTITYB	It	ran	Off-Broadway
RELATION	possibl	lover	Byron	ENTITYA	19th-centuri	speech	ENTITYB	Great	Fire	London
RELATION	By	1980	ENTITYB	's	polici	ENTITYA	Glasnost	made	virtual
RELATION	Septemb	1942	ENTITYB	ENTITYA	buri
NO_RELATION	ENTITYA	historical-fict	book	written	illustr	ENTITYB	publish	Scholast	Press
RELATION	copi	ENTITYA	handwritten	ENTITYB	Cornel	Univers
RELATION	speech	King	allud	ENTITYB	's	ENTITYA	say	Five	score
RELATION	San	Marco	Lima	ENTITYB	ENTITYA	Pontificia	Universidad	del
RELATION	famou	earli	hudna	ENTITYA	ENTITYB	Quraysh	tribe
RELATION	Loui	Kossuth	's	Word	ENTITYB	's	ENTITYA	Eurasian	Studi
RELATION	combin	Leinster-Vik	forc	ENTITYA	ENTITYB	kill	end
NO_RELATION	ENTITYA	book	written	ENTITYB	publish	1995
RELATION	strateg	import	ENTITYA	ENTITYB	went	take
RELATION	Stuart	mortal	wound	ENTITYB	ENTITYA	May	12,	1864..	Henrico
RELATION	mark	begin	ENTITYB	's	public	ministri	ENTITYA	Abyssinian	emigr
NO_RELATION	ENTITYA	1977	play	ENTITYB	Take	name
RELATION	1924.	plaqu	contain	ENTITYA	pictur	ENTITYB	ad	June	8,
RELATION	speech	homag	ENTITYB	's	ENTITYA	time	correspond
RELATION	Muhammad	's	rel	ENTITYB	Muslim	perform	ENTITYA	emigr
NO_RELATION	ENTITYA	stream	conscious	novel	ENTITYB	first	publish	1997.
RELATION	descend	tricolon	ENTITYB	use	tricola	mani	speech	Hi	ENTITYA	follow	phrase
NO_RELATION	ENTITYA	novel	ENTITYB	publish	1937.	It
RELATION	known	speaker	opposit	ENTITYB	read	ENTITYA	Today
RELATION	Novemb	1863,	Presid	ENTITYB	deliv	famou	ENTITYA	God	's	Acr
NO_RELATION	ENTITYA	encycl	ENTITYB	crusad	prayer
RELATION	Obama	also	refer	ENTITYB	's	ENTITYA	say
NO_RELATION	ENTITYA	novel	ENTITYB	publish	1998.	It
NO_RELATION	ENTITYA	1995	children	's	pictur	book	ENTITYB	Gritch	Witch
NO_RELATION	ENTITYA	poem	ENTITYB	Boer	War
NO_RELATION	ENTITYA	play	ENTITYB	set	Dublin
RELATION	Hamza	ibn	al-Muttalib	ENTITYB	's	uncl	seven	nine	month	ENTITYA	parti	thirti
NO_RELATION	ENTITYA	last	longest	novel	author	ENTITYB	Publish	1930,
NO_RELATION	ENTITYA	novel	ENTITYB	David	Copperfield	may	also
RELATION	behalf	Bancroft	ask	Presid	ENTITYB	copi	ENTITYA	Bliss
RELATION	Quraysh	Mecca	ENTITYA	628.	It	record	ENTITYB	told	Khalid	's	brother
RELATION	first	notabl	pictur	ENTITYA	exhibit	1877,	one	depict	ENTITYB	Marston	Moor	In
NO_RELATION	ENTITYA	scienc	fiction	book	written	ENTITYB	first	print	Novemb
RELATION	tank	name	ENTITYA	leader	ENTITYB	first	tank
RELATION	part	help	ENTITYB	ENTITYA	York	Press	Guildhal
RELATION	1863	Presid	ENTITYB	's	ENTITYA	name	town
NO_RELATION	ENTITYA	2008	novel	ENTITYB	Mexican	WhiteBoy	Matt
RELATION	August	1778	ENTITYB	ENTITYA	Kingfish	commiss
NO_RELATION	ENTITYA	1947	novel	ENTITYB	talk	war
NO_RELATION	ENTITYA	collect	twenti	short	stori	written	ENTITYB	It	initi	publish
RELATION	17th	centuri	ENTITYA	former	member	ENTITYB	's	New	Model	Armi	settl
NO_RELATION	ENTITYA	novel	ENTITYB	Anna	Karenina	may	also
RELATION	Parliamentari	caus	ENTITYB	ENTITYA	He	militari
RELATION	year	ENTITYA	ENTITYB	Mecca	Madinah
RELATION	long	Sieg	ENTITYB	Dure	ENTITYA	April	2,	1865,	Edward
RELATION	key	particip	ENTITYA	ENTITYB	Franci	Tresham	The
NO_RELATION	ENTITYA	2008	novel	ENTITYB	Mexican	WhiteBoy	Matt
NO_RELATION	ENTITYA	poem	ENTITYB	origin	publish	Poem
RELATION	celebr	125th	anniversari	ENTITYB	's	trip	rout	make	ENTITYA	Both	1223	7002
NO_RELATION	ENTITYA	stori	ENTITYB	concern	curs	villag
RELATION	2013-05-15.	quot	Presid	ENTITYB	's	ENTITYA	inscrib	stage
RELATION	outbreak	ENTITYA	Hi	nephew	godson	ENTITYB	sent	parliament
RELATION	five	copi	ENTITYB	's	ENTITYA	1863
RELATION	Citat	ENTITYB	Draft	ENTITYA	Nicolay	Copi	Novemb
NO_RELATION	ENTITYA	comic	novel	ENTITYB	publish	posthum	1985.Barbara
RELATION	Vike	defeat	ENTITYB	famou	ENTITYA	1014..	Clondalkin	wit	anoth
NO_RELATION	ENTITYA	's	World	children	's	histori	book	ENTITYB	The	first	edit
NO_RELATION	ENTITYA	2004	novel	written	ENTITYB	publish	Unit
RELATION	culmin	ENTITYA	protector	ENTITYB	signific	swing
RELATION	With	onset	ENTITYA	ENTITYB	resid	Bergtal
RELATION	establish	site	ENTITYB	's	notabl	ENTITYA	number
RELATION	Independ	near	Guantanamo	Bay	ENTITYB	ENTITYA	In	Novemb	1962,
RELATION	daughter	's	recit	ENTITYB	's	ENTITYA	go
NO_RELATION	ENTITYA	play	written	ENTITYB	first	perform	1993.
NO_RELATION	ENTITYA	2005	young-adult	fantasi	novel	ENTITYB	base	loos
NO_RELATION	ENTITYA	1869	play	ENTITYB	de	Torquemada
NO_RELATION	ENTITYA	collect	twenti	short	stori	written	ENTITYB	It	initi	publish
RELATION	English	Civil	War	ENTITYB	's	rule	Dure	ENTITYA	1646,	Thoma	Fairfax	order
RELATION	Castl	destroy	ENTITYB	's	troop	ENTITYA	1646.	He	die
NO_RELATION	ENTITYA	young	adult	novel	ENTITYB	first	publish	2003.
NO_RELATION	ENTITYA	written	ENTITYB	Categori	Work
NO_RELATION	ENTITYA	2002	young	adult	novel	written	ENTITYB	Remi
NO_RELATION	ENTITYA	1998	novel	written	ENTITYB	log	Australia
RELATION	Civil	War	Union	Presid	ENTITYB	deliv	ENTITYA	militari	cemeteri	dedic
RELATION	2007.	28	April	2008..	Presid	ENTITYB	's	sign	ENTITYA	Septemb	17th	1978
NO_RELATION	ENTITYA	short	stori	ENTITYB	It	name
NO_RELATION	ENTITYA	apocalypt	scienc	fiction/horror	novel	ENTITYB	publish	1990
RELATION	compani	arriv	ENTITYB	ENTITYA	next
NO_RELATION	ENTITYA	1945	novel	ENTITYB	deal	issu
RELATION	calendar	It	commemor	ENTITYA	emigr	ENTITYB	follow
NO_RELATION	ENTITYA	novel	ENTITYB	First	publish	Slovenia
RELATION	Mari	later	support	ENTITYB	's	caus	ENTITYA	sold	land
NO_RELATION	ENTITYA	play	ENTITYB	mix
NO_RELATION	ENTITYA	fantasi	comic	book	writer	ENTITYB	pencil	Carlo	Pacheco
RELATION	Rathbon	eye-wit	ENTITYB	's	ENTITYA	Sever	member	Rathbon	famili
RELATION	kill	ENTITYB	ENTITYA	age	42..
NO_RELATION	ENTITYA	first	play	written	ENTITYB	publish	period
NO_RELATION	ENTITYA	book	ENTITYB	It	describ	peopl
NO_RELATION	ENTITYA	's	World	children	's	histori	book	ENTITYB	The	first	edit
RELATION	later	paraphras	ENTITYB	ENTITYA	word	govern
NO_RELATION	ENTITYA	play	ENTITYB	first	develop	Eugen
NO_RELATION	ENTITYA	last	longest	novel	author	ENTITYB	Publish	1930,
NO_RELATION	ENTITYA	encycl	ENTITYB	1500th	anniversari
RELATION	known	eye-wit	ENTITYB	's	ENTITYA	10,000
RELATION	took	photo	ENTITYB	's	ENTITYA	The	studio	photograph
RELATION	dead	Peloponnesian	War;	ENTITYB	's	ENTITYA	1863,	soon	Sojourn
RELATION	London	In	ENTITYA	becam	royalist	stronghold	ENTITYB	's	Parliamentari	forc	raze
RELATION	heart	ENTITYB	ENTITYA	1574,	plan
NO_RELATION	ENTITYA	2002	young	adult	novel	written	ENTITYB	Remi
RELATION	1990,	name	ENTITYB	's	polici	ENTITYA	It	splash	screen	show
RELATION	She	post	ENTITYB	cover	ENTITYA	1990.	She	one
NO_RELATION	ENTITYA	tragedi	ENTITYB	Coriolanu	may	also	refer
NO_RELATION	ENTITYA	written	1888	ENTITYB	use	pseudonym	F.	Anstey
NO_RELATION	ENTITYA	last	longest	novel	author	ENTITYB	Publish	1930,
RELATION	final	victori	ENTITYB	ENTITYA	1014,	Brian	Boroimh
NO_RELATION	ENTITYA	name	ofEmpir	Star	1966	book	ENTITYB	BSA	Empir	Star
RELATION	death	Nasser	successor	ENTITYB	sign	ENTITYA	Thi	anger	Arab
RELATION	known	ENTITYA	Some	key	organ	ENTITYB	Lucretia	Coffin	Mott
RELATION	Parliamentari	caus	ENTITYA	fell	ENTITYB	Interregnum	At
RELATION	head-on	photograph	ENTITYB	taken	Novemb	8,	1863;	two	week	ENTITYA	File	Gardner-Photo-Lincoln
NO_RELATION	ENTITYA	apocalypt	scienc	fiction/horror	novel	ENTITYB	publish	1990
NO_RELATION	ENTITYA	collect	write	ENTITYB	first	publish
RELATION	Knesset	larg	precipit	ENTITYB	's	controversi	decis	sign	ENTITYA	Israel-Egypt	Peac	Treati
RELATION	's	farewel	address	Presid	ENTITYB	's	ENTITYA	primari	theme
RELATION	Munden	set	ENTITYA	disillus	offic	plot	assassin	ENTITYB	Domin	West
RELATION	Lewi	Post	08.19.10.	Dure	ENTITYA	16th	centuri	ENTITYB	zealou	Puritan
RELATION	control	popul	ENTITYB	's	invas	ENTITYA	suppress
RELATION	surround	Bastogn	ENTITYB	ENTITYA	particip	airborn
RELATION	Such	ENTITYA	ENTITYB	howev	Address
RELATION	captur	execut	ENTITYA	Puritan-l	Parliamentarian	govern	ENTITYB	King	Charl	II
RELATION	Commonwealth	Navi	ENTITYA	reward	ENTITYB	estat	Ireland
NO_RELATION	ENTITYA	semi-autobiograph	play	ENTITYB	written	1970
RELATION	20	pioneer	around	time	ENTITYB	draft	ENTITYA	Weekli	church	attend	averag
NO_RELATION	ENTITYA	1775	play	ENTITYB	The	Rival	may	also
RELATION	Eritrea	Subsequ	annex	ENTITYB	led	ENTITYA	end	Eritrean	independ
NO_RELATION	ENTITYA	novelett	ENTITYB	publish	August
RELATION	estim	date	ENTITYB	's	flight	ENTITYA	Mecca	Medina
NO_RELATION	ENTITYA	2002	young	adult	novel	written	ENTITYB	Remi
NO_RELATION	ENTITYA	1748	novel	ENTITYB	Sever	adapt
RELATION	Battl	Gettysburg	ENTITYB	's	ENTITYA	Gettysburg	Nation	Cemeteri
NO_RELATION	ENTITYA	The	Peopl	Arm	book	ENTITYB	Paz	famou
NO_RELATION	ENTITYA	short	novel	ENTITYB	Billi	Budd	also
RELATION	Soviet	commun	anticip	ENTITYA	ENTITYB	Morin	marri
NO_RELATION	ENTITYA	thriller	novel	ENTITYB	It	sequel
NO_RELATION	ENTITYA	The	full	origin	titl	1727	essay	ENTITYB	Conjug	Lewd
NO_RELATION	ENTITYA	1775	play	ENTITYB	The	Rival	may	also
NO_RELATION	ENTITYA	play	four	act	ENTITYB	It	origin	open
NO_RELATION	ENTITYA	2008	novel	ENTITYB	Mexican	WhiteBoy	Matt
NO_RELATION	ENTITYA	novel	ENTITYB	publish	1994.	Storm	Heaven
NO_RELATION	ENTITYA	1948	novel	ENTITYB	set	New	York
NO_RELATION	ENTITYA	poem	ENTITYB	written	sever	version
RELATION	German	offens	ENTITYB	known	ENTITYA	assembl
NO_RELATION	ENTITYA	novel	ENTITYB	Anna	Karenina	may	also
RELATION	mankind	Half	ENTITYB	's	ENTITYA	grace	east	side
NO_RELATION	ENTITYA	semi-autobiograph	play	ENTITYB	written	1970
NO_RELATION	ENTITYA	1981	music	book	ENTITYB	lyric	Rost
NO_RELATION	ENTITYA	short	novel	novella	written	ENTITYB	It	first	publish
NO_RELATION	ENTITYA	novel	ENTITYB	co-written	Judith
NO_RELATION	ENTITYA	1987	book	social	polit	analysi	ENTITYB	Didion	begin
NO_RELATION	ENTITYA	novel	ENTITYB	adapt
RELATION	famou	quotat	ENTITYB	's	ENTITYA	nation	God
RELATION	late	13th-	earli	14th-centuri	ENTITYB	ENTITYA	He	first	appear
NO_RELATION	ENTITYA	first	novel	written	author	ENTITYB	Origin	publish	1966
RELATION	commun	ENTITYB	sector	ENTITYA	Decemb	1944	Januari
RELATION	end	ENTITYA	's	year	The	ENTITYB	like	predecessor
NO_RELATION	ENTITYA	tragic	play	ENTITYB	Hamlet	may	also
RELATION	petit	14-year-old	ENTITYB	assum	person	rule	ahead	schedul	Thu	ENTITYA	formerli	took	rein
NO_RELATION	ENTITYA	book	written	ENTITYB	publish	1995
RELATION	Congress	read	ENTITYA	part	commemor	150th	anniversari	ENTITYB	's	birth	March
RELATION	Royalist	ENTITYA	ENTITYB	Parliamentarian	Murdoch
RELATION	Coldstream	Guard	lie	ENTITYA	ENTITYB	gave	Colonel	Georg	Monck	permiss
NO_RELATION	ENTITYA	novel	ENTITYB	First	publish	Slovenia
RELATION	House2.jpg	Jimmi	Carter	ENTITYB	shortli	ENTITYA	edit	Durova
NO_RELATION	ENTITYA	short	stori	ENTITYB	first	appear
NO_RELATION	ENTITYA	novel	ENTITYB	adapt
RELATION	late	thirteenth	earli	fourteenth-centuri	ENTITYB	ENTITYA	He	first	appear
RELATION	tribe	13	year	ENTITYB	emigr	see	ENTITYA	622
NO_RELATION	ENTITYA	play	written	1903	ENTITYB	Base	part
RELATION	becam	subject	Bolivia	ENTITYB	ENTITYA	Chile	acquir
NO_RELATION	ENTITYA	short	novel	ENTITYB	Billi	Budd	also
RELATION	side	Parliament	ENTITYA	He	colonel	ENTITYB	's	New	Model	Armi
NO_RELATION	ENTITYA	historical-fict	book	written	illustr	ENTITYB	publish	Scholast	Press
NO_RELATION	ENTITYA	novel	ENTITYB	Publish	2005,
NO_RELATION	ENTITYA	collect	scienc	fiction	short	stori	ENTITYB	It	first	publish
NO_RELATION	ENTITYA	1948	novel	ENTITYB	set	New	York
RELATION	ago	deliv	ENTITYB	ENTITYA	Lincoln	address
RELATION	Pulitz	Prize	win	book	ENTITYB	's	ENTITYA	compar	More
RELATION	Empress	Xiaoyichun	bore	ENTITYB	four	son	two	daughter	Among	children	includ	ENTITYA	's	successor	Jiaq
NO_RELATION	ENTITYA	name	ofEmpir	Star	1966	book	ENTITYB	BSA	Empir	Star
NO_RELATION	ENTITYA	novel	written	ENTITYB	first	publish	April	6,
RELATION	side	ENTITYA	includ	ENTITYB	's	Ironsid	cavalri	Blackmor
RELATION	organ	1848	ENTITYA	women	's	right	ENTITYB	Seneca	Fall
NO_RELATION	ENTITYA	thriller	novel	ENTITYB	It	sequel
NO_RELATION	ENTITYA	1980	novel	ENTITYB	publish	initi	Wine
RELATION	individu	filmmak	With	ENTITYB	's	polici	ENTITYA	1980	Shengelaya
NO_RELATION	ENTITYA	stori	ENTITYB	concern	curs	villag
NO_RELATION	ENTITYA	2010	novel	ENTITYB	group
RELATION	larg	destroy	ENTITYB	's	troop	ENTITYA	Ruardean	's	Congregationalist
NO_RELATION	ENTITYA	book	photographi	ENTITYB	Jewish	women
NO_RELATION	ENTITYA	Categori	Feder	minist	ENTITYB	Minist	Categori
RELATION	exampl	accord	Presid	ENTITYB	's	ENTITYA	American	Civil	War
RELATION	support	King	Charl	ENTITYB	ENTITYA	As	consequ
NO_RELATION	ENTITYA	novel	ENTITYB	first	publish	1971
RELATION	evid	Dure	ENTITYA	align	ENTITYB	The	Restor
NO_RELATION	ENTITYA	dystopian	novel	ENTITYB	publish	1960.	The
NO_RELATION	ENTITYA	fantasi	novel	ENTITYB	set	world
NO_RELATION	ENTITYA	1977	play	ENTITYB	Take	name
RELATION	support	ENTITYB	ENTITYA	When	King	Charl	II
RELATION	part	ENTITYB	campaign	ENTITYA	It	end
NO_RELATION	ENTITYA	1925	novel	ENTITYB	give	account	thirti
NO_RELATION	ENTITYA	spi	thriller	novel	author	ENTITYB	publish	Warner	Book
RELATION	Japanes	forc	ENTITYB	three-day-long	ENTITYA	The	ship	's	fighter
NO_RELATION	ENTITYA	collect	twenti	short	stori	written	ENTITYB	It	initi	publish
NO_RELATION	ENTITYA	first	novel	written	author	ENTITYB	Origin	publish	1966
RELATION	fought	Parliament	ENTITYA	serv	Lord	Protector	ENTITYB	Interregnum
NO_RELATION	ENTITYA	novel	ENTITYB	first	publish	1962
RELATION	earth	ENTITYB	ENTITYA	We	petit
NO_RELATION	ENTITYA	novel	ENTITYB	ISBN	1-896095-95-X
NO_RELATION	ENTITYA	play	ENTITYB	The	plot	involv
RELATION	turbul	period	span	ENTITYA	ENTITYB	's	rule	Dure
RELATION	Quaker	Hill	Newport	ENTITYB	ENTITYA	The	10th	Regiment	serv
RELATION	Washington	's	Farewel	Address	ENTITYB	's	ENTITYA	Fred	Harvey	Harrington
NO_RELATION	ENTITYA	novel	ENTITYB	publish	1992
NO_RELATION	ENTITYA	first	publish	1880	author	ENTITYB	work
RELATION	help	plan	execut	ENTITYA	riot	1968.	ENTITYB	union	worker
NO_RELATION	ENTITYA	scienc	fiction	novel	written	ENTITYB	publish	1979.	It
RELATION	art	produc	China	ENTITYA	's	reign	After	ENTITYB	's	abdic	1795,
RELATION	Madison	's	Presid	ENTITYB	ENTITYA	Novemb	19,	1863,	sum
NO_RELATION	ENTITYA	play	ENTITYB	first	perform
RELATION	town	near	Santiago	de	ENTITYB	begin	ENTITYA	end
RELATION	famou	ENTITYA	1014,	ENTITYB	High	King	Ireland
RELATION	50.	The	ENTITYA	ENTITYB	38.
RELATION	Order	form	ENTITYB	follow	ENTITYA	William	Pitt
RELATION	earth	end	ENTITYB	's	ENTITYA	Speak	softli
RELATION	need	Soviet	consum	ENTITYB	ENTITYA	New	York	Harper
RELATION	last	year	ENTITYB	ENTITYA	Immigr	Mecca
NO_RELATION	ENTITYA	play	four	act	ENTITYB	It	origin	open
NO_RELATION	ENTITYA	1933	novel	ENTITYB	It	made
NO_RELATION	ENTITYA	short	stori	ENTITYB	first	publish	US
NO_RELATION	ENTITYA	children	's	histor	novel	ENTITYB	publish	Harper	amp
NO_RELATION	ENTITYA	novel	ENTITYB	ISBN	1-896095-95-X
NO_RELATION	ENTITYA	collect	scienc	fiction	short	stori	ENTITYB	publish	April	1968.
NO_RELATION	ENTITYA	blank	vers	tragedi	ENTITYB	It	first	perform
NO_RELATION	ENTITYA	young	adult	novel	ENTITYB	first	publish	2003.
NO_RELATION	ENTITYA	play	ENTITYB	At	core
RELATION	Pari	1431..	Follow	ENTITYA	ENTITYB	declin	crown	underw
NO_RELATION	ENTITYA	1999	novel	ENTITYB	third	book
NO_RELATION	ENTITYA	scienc	fiction	novel	written	ENTITYB	publish	1979.	It
RELATION	still	respect	ENTITYB	's	soldier	time	ENTITYA	booklet	Cromwel	's
NO_RELATION	ENTITYA	1997	novel	ENTITYB	deal	mani	lesbian-rel
RELATION	headquart	local	govern	ENTITYB	Dure	ENTITYA	1921,	Irish	Republican
NO_RELATION	ENTITYA	2003	novel	ENTITYB	set	Japan
RELATION	instruct	write	ENTITYA	peac	treati	ENTITYB	Quraysh	628.
RELATION	effort	ENTITYA	given	ENTITYB	Will	Lincoln	's
NO_RELATION	ENTITYA	play	written	1903	ENTITYB	Base	part
NO_RELATION	ENTITYA	first	novel	written	author	ENTITYB	Origin	publish	1966
RELATION	first	line	ENTITYA	famou	speech	deliv	ENTITYB	American	Civil	War
NO_RELATION	ENTITYA	first	publish	1880	author	ENTITYB	work
NO_RELATION	ENTITYA	Categori	Feder	minist	ENTITYB	Minist	Categori
NO_RELATION	ENTITYA	titl	1987	novel	ENTITYB	Patriot	Game
NO_RELATION	ENTITYA	1983	horror	novel	written	ENTITYB	child
RELATION	With	Soviet	presid	ENTITYB	run	polici	ENTITYA	Glasnost	Hawk	visit
RELATION	Gettysburg	immort	ENTITYB	's	ENTITYA	phrase	fourscor
RELATION	Will	Gettysburg	ENTITYB	put	finish	touch	ENTITYA	compos	Washington
NO_RELATION	ENTITYA	book	contain	collect	illustr	ENTITYB	's	best	comic	paint
NO_RELATION	ENTITYA	1925	novel	ENTITYB	give	account	thirti
RELATION	1991,	result	ENTITYB	's	ENTITYA	reform	After	year
RELATION	ch	6,	p.	174,	ENTITYA	14th	In	August	1690,	ENTITYB	grant	Fuquan	titl
NO_RELATION	ENTITYA	1983	book-length	essay	ENTITYB	American	involv	El
NO_RELATION	ENTITYA	play	ENTITYB	At	core
NO_RELATION	ENTITYA	An	Initi	Biographi	children	's	book	ENTITYB	life
NO_RELATION	ENTITYA	play	ENTITYB	It	set
RELATION	In	1648,	ENTITYA	ENTITYB	's	troop	camp	overnight
NO_RELATION	ENTITYA	scienc	fiction	book	written	ENTITYB	first	print	Novemb
NO_RELATION	ENTITYA	play	ENTITYB	It	may	also	refer
NO_RELATION	ENTITYA	1985	multi	act	play	ENTITYB	It	follow	relationship
NO_RELATION	ENTITYA	novel	ENTITYB	written	Welsh
RELATION	vol	8.	meet	ENTITYB	i.e.	614	ENTITYA	Muhammad	ibn	Ishaq
RELATION	622,	year	ENTITYA	ENTITYB	emigr	Medina
NO_RELATION	ENTITYA	collect	write	ENTITYB	first	publish
NO_RELATION	ENTITYA	novel	ENTITYB	origin	publish	instal
RELATION	meet	ENTITYB	gave	ENTITYA	articl	Gettysburg	Address
NO_RELATION	ENTITYA	2002	scienc	fiction/techno-thril	novel	written	ENTITYB	nomin
NO_RELATION	ENTITYA	novel	ENTITYB	publish	1929
NO_RELATION	ENTITYA	scienc	fiction	novel	written	ENTITYB	publish	1979.	It
NO_RELATION	ENTITYA	short	stori	ENTITYB	It	first	publish
NO_RELATION	ENTITYA	scienc	fiction	novel	written	ENTITYB	publish	1988.	The
NO_RELATION	ENTITYA	children	's	novel	seri	written	ENTITYB	1828-1909	1876
NO_RELATION	ENTITYA	novel	ENTITYB	first	publish	1997..
RELATION	space-tim	visualis	wit	ENTITYB	deliv	ENTITYA	The	Chase	wax
NO_RELATION	ENTITYA	1913	short	stori	ENTITYB	It	first	publish
RELATION	time	occupi	ENTITYB	's	forc	ENTITYA	The	hospit	open
NO_RELATION	ENTITYA	book	poetri	publish	poet	ENTITYB	publish	1949,
RELATION	written	ENTITYB	's	ENTITYA	1987,	express	transit
NO_RELATION	ENTITYA	poem	ENTITYB	's	Song	Innoc
RELATION	refer	ENTITYB	's	ENTITYA	Four	score
RELATION	titl	drawn	ENTITYA	Presid	ENTITYB
NO_RELATION	ENTITYA	book	written	ENTITYB	publish	1995
RELATION	result	ENTITYA	negoti	ENTITYB	leader	Herut
RELATION	In	1863	ENTITYA	ENTITYB	spoke	three	featur
NO_RELATION	ENTITYA	1987	book	social	polit	analysi	ENTITYB	Didion	begin
RELATION	2009	user	ENTITYA	emperor6868	user	talk	contrib	page	ENTITYB	diff	undo
NO_RELATION	ENTITYA	debut	novel	ENTITYB	publish	1995.	It
RELATION	High	King	Ireland	ENTITYB	ENTITYA	1014.	When	Tadhg	Mor
NO_RELATION	ENTITYA	collect	short	scienc	fiction	stori	ENTITYB	Lumin	contain
RELATION	18	month	ENTITYA	ENTITYB	's	migrat	Medina
NO_RELATION	ENTITYA	's	World	children	's	histori	book	ENTITYB	The	first	edit
RELATION	tribe	join	ENTITYB	ENTITYA	migrat	Medina
RELATION	battl	ENTITYA	19	August	1648,	ENTITYB	defeat	mainli	Scottish	royalist
NO_RELATION	ENTITYA	semi-autobiograph	play	ENTITYB	written	1970
NO_RELATION	ENTITYA	2010	horror	novel	ENTITYB	The	novel	nomin
RELATION	Rabbit	1978	ENTITYA	ENTITYB	Israel	Anwar
RELATION	Nation	Cemeteri	heard	ENTITYB	's	ENTITYA	close	friend
NO_RELATION	ENTITYA	dystopian	novel	ENTITYB	publish	1960.	The
RELATION	Ansar	helper	ENTITYB	ENTITYA	Aw	Khazraj
RELATION	Found	Lucretia	Mott	ENTITYB	organ	ENTITYA	1848	publish
RELATION	U.S.	postag	stamp	commemor	ENTITYA	titl	100	Year	Progress	Women	ENTITYB	left	Stanton
NO_RELATION	ENTITYA	scienc	fiction	novel	written	ENTITYB	publish	1988.	The
NO_RELATION	ENTITYA	1975	novel	ENTITYB	It	author
RELATION	kill	ENTITYA	includ	son	grandson	ENTITYB	Over	time	becam
NO_RELATION	ENTITYA	1927	novel	ENTITYB	Elmer	Gantri	may	also
RELATION	Veracruz	ENTITYB	conclud	ENTITYA	Spain	1857
NO_RELATION	ENTITYA	1997	young	adult	novel	ENTITYB	It	tell	stori
NO_RELATION	ENTITYA	1973	scienc	fiction	film	ENTITYB	Westworld	may	also	refer
NO_RELATION	ENTITYA	poem	ENTITYB	's	Song	Innoc
RELATION	Ireton	serv	ENTITYB	ENTITYA	He	also	Cromwel
RELATION	base	life	ENTITYB	led	Parliamentari	forc	ENTITYA	Lord	Protector
NO_RELATION	ENTITYA	novel	ENTITYB	publish	2013
RELATION	name	date	back	ENTITYA	specif	associ	ENTITYB	's	sieg	Winchest
NO_RELATION	ENTITYA	The	Secret	Life	book	ENTITYB	It	tell	stori
RELATION	billet	ENTITYA	ENTITYB	visit	discuss
NO_RELATION	ENTITYA	poem	ENTITYB	written	1985.	The	poem
NO_RELATION	ENTITYA	blank	vers	tragedi	ENTITYB	It	first	perform
RELATION	day	ENTITYA	former	member	ENTITYB	's	New	Model	Armi	still
RELATION	Japanes	forc	ENTITYB	three-day-long	ENTITYA	The	ship	27
RELATION	fifth	final	manuscript	ENTITYB	's	ENTITYA	own
RELATION	Nation	Cemeteri	wit	Presid	ENTITYB	's	ENTITYA	recreat	role
NO_RELATION	ENTITYA	1995	novel	ENTITYB	In
RELATION	display	relat	ENTITYA	includ	death	mask	ENTITYB	In	18th
RELATION	year	age	ENTITYA	ENTITYB	also	scenic
NO_RELATION	ENTITYA	play	two	act	written	ENTITYB	Star	Flora	Robson
RELATION	start	year	ENTITYB	's	emigr	ENTITYA	622	AD
NO_RELATION	ENTITYA	tragedi	ENTITYB	Coriolanu	may	also	refer
RELATION	parliament	ENTITYA	reward	ENTITYB	estat	Ireland
RELATION	hand	three	time	ENTITYA	ENTITYB	pass	way
RELATION	mediev	crown	destroy	ENTITYB	's	order	ENTITYA	Follow	Restor
RELATION	may	refer	ENTITYA	Islam	migrat	ENTITYB	follow
NO_RELATION	ENTITYA	modernist	short	stori	ENTITYB	first	publish	1918.	It
RELATION	British	burn	ENTITYB	hous	ENTITYA	He	educ
NO_RELATION	ENTITYA	book	ENTITYB	first	publish	Methuen
NO_RELATION	ENTITYA	1995	children	's	pictur	book	ENTITYB	Gritch	Witch
NO_RELATION	ENTITYA	superhero	novel	ENTITYB	second
RELATION	ampndash;	Black	milit	led	ENTITYB	engag	fierc	gunfight	polic	ENTITYA	Cleveland	Ohio
NO_RELATION	ENTITYA	novelett	ENTITYB	publish	August
RELATION	seventh	son	ENTITYB	second	eldest	ENTITYA	's	son	surviv
RELATION	Cemeteri	Gettysburg;	speak	ENTITYB	's	famou	ENTITYA	Lincoln	's	Gettysburg	Address
RELATION	ibn	Al-Khattab	spoken	ENTITYB	occas	includ	ENTITYA	Both	first
RELATION	follow	Hegira	ENTITYA	ENTITYB	622	AD	By
RELATION	base	Friendli	ENTITYB	's	Roundhead	ENTITYA	Other	Splinter	Cultur
NO_RELATION	ENTITYA	collect	ENTITYB	compris	four	novella
RELATION	624,	18	month	ENTITYA	ENTITYB	's	migrat	Medina
RELATION	Royalist	ENTITYA	eventu	fall	Parliamentarian	1646.	ENTITYB	order	castl	's
RELATION	site	ENTITYA	earli	influenti	women	's	right	convent	ENTITYB	demand	right	women
RELATION	within	first	centuri	ENTITYA	see	also	List	biographi	ENTITYB	Furthermor
NO_RELATION	ENTITYA	play	ENTITYB	It	first	present
RELATION	time	ENTITYA	fought	ENTITYB	1655..	He
NO_RELATION	ENTITYA	2005	novel	author	ENTITYB	The	book	center	around
RELATION	famou	quot	ENTITYB	's	ENTITYA	govern
RELATION	reput	kill	ENTITYB	ENTITYA	Descript	Catalogu
RELATION	Greek	French	armi	occupi	ENTITYB	After	ENTITYA	becam	Turkey	's
RELATION	import	part	ENTITYA	base	oper	ENTITYB	reput
RELATION	land	Near	ENTITYB	ENTITYA	1128	overcam
NO_RELATION	ENTITYA	young	adult	novel	ENTITYB	first	publish	2003.
NO_RELATION	ENTITYA	1895	novel	written	ENTITYB	It	usual	categoris
RELATION	help	unload	ENTITYB	Dure	ENTITYA	allow	Mount
NO_RELATION	ENTITYA	short	stori	ENTITYB	It	first	publish
NO_RELATION	ENTITYA	Good	Bad	Book	essay	ENTITYB	first	publish	Tribun
NO_RELATION	ENTITYA	play	ENTITYB	It	may	also	refer
NO_RELATION	ENTITYA	collect	write	ENTITYB	first	publish
RELATION	In	formul	Presid	ENTITYB	ENTITYA	America	nation
RELATION	Abdel	Nasser	criticis	ENTITYA	ENTITYB	Egypt	state
NO_RELATION	ENTITYA	2000	ENTITYB	second	book
NO_RELATION	ENTITYA	stage	play	ENTITYB	premier	Victori
RELATION	Savo	Island	ENTITYB	ENTITYA	Ruchamkin	award
RELATION	theme	ENTITYB	ENTITYA	Theodor	Roosevelt
RELATION	Grant	's	Overland	Campaign	ENTITYB	At	ENTITYA	first	week
NO_RELATION	ENTITYA	short	play	ENTITYB	adapt	short
NO_RELATION	ENTITYA	short	stori	ENTITYB	It	first	publish
RELATION	1979,	Likud	Prime	Minist	ENTITYB	sign	ENTITYA	Egyptian	Presid	Anwar	al-Sadat
NO_RELATION	ENTITYA	stori	ENTITYB	concern	curs	villag
NO_RELATION	ENTITYA	play	ENTITYB	set	Dublin
RELATION	categori	start	ENTITYA	ENTITYB	's	departur	Mecca
NO_RELATION	ENTITYA	2006	novel	written	ENTITYB	It	set
RELATION	Cavalri	attack	Black	Kettl	's	ENTITYB	villag	ENTITYA	27	Novemb	1868.	Jacob
RELATION	two	hoursimmedi	Presid	ENTITYB	deliv	famou	two-minut	ENTITYA	The	son
RELATION	apart	In	1887,	ENTITYB	leader	ENTITYA	explor	ruin
NO_RELATION	ENTITYA	children	's	novel	seri	written	ENTITYB	1828-1909	1876
RELATION	Color	PIC	ENTITYB	start	ENTITYA	often	refer
RELATION	Spanish	Viceroyalti	ENTITYB	Follow	ENTITYA	becam	capit
NO_RELATION	ENTITYA	1854	novel	ENTITYB	Hard	Time	may	also
RELATION	150th	anniversari	ENTITYB	's	ENTITYA	The	Patriot-New	retract
NO_RELATION	ENTITYA	play	ENTITYB	seriocom	treatment
RELATION	Islam	join	ENTITYB	ENTITYA	particip	variou	expedit
RELATION	mother	's	land	Near	ENTITYB	ENTITYA	1128	overcam
NO_RELATION	ENTITYA	collect	short	scienc	fiction	stori	ENTITYB	Lumin	contain
RELATION	disestablish	Protest	church	ENTITYA	ENTITYB	best	known	Close
RELATION	later	influenc	word	ENTITYB	's	ENTITYA	Parker	might
RELATION	Garden	later	ENTITYB	ENTITYA	He	award
NO_RELATION	ENTITYA	histor	novel	ENTITYB	first	publish	America
RELATION	In	1979,	Anwar	Sadat	ENTITYB	sign	ENTITYA	gave	back
NO_RELATION	ENTITYA	2005	scienc	fiction/thril	novel	ENTITYB	The	novel	concern
NO_RELATION	ENTITYA	2008	novel	ENTITYB	Mexican	WhiteBoy	Matt
RELATION	Charl	ENTITYA	attach	ENTITYB	whose	niec	marri
RELATION	companion	prophet	ENTITYB	In	year	18	ENTITYA	came	back
RELATION	4th	High	Steward	ENTITYB	Dure	ENTITYA	locat	contest
RELATION	victori	Parliamentarian	troop	ENTITYB	ENTITYA	Sir	Edmund	Fortescu
NO_RELATION	ENTITYA	fantasi	comic	book	writer	ENTITYB	pencil	Carlo	Pacheco
NO_RELATION	ENTITYA	2006	novel	written	ENTITYB	It	set
NO_RELATION	ENTITYA	novel	ENTITYB	publish	1937.	It
NO_RELATION	ENTITYA	novel	ENTITYB	publish	1929
