NO_RELATION	ENTITYA	play	ENTITYB	written
RELATION	Dure	ENTITYB	's	ENTITYA	Christo
RELATION	Presid	ENTITYB	deliv	ENTITYA	Initi
NO_RELATION	ENTITYA	issu	Octob	28,	1956,	encycl	ENTITYB	urg	public
NO_RELATION	ENTITYA	war	novel	ENTITYB	serial
RELATION	Vukovar	ENTITYB	ENTITYA	He
NO_RELATION	ENTITYA	stori	ENTITYB	concern
NO_RELATION	ENTITYA	novel	written	ENTITYB	first
NO_RELATION	ENTITYA	second	book	short	stori	ENTITYB	It
RELATION	introduc	ENTITYB	one	organ	ENTITYA
NO_RELATION	ENTITYA	novel	written	ENTITYB	Eragon
NO_RELATION	ENTITYA	novel	ENTITYB	publish
RELATION	year	ENTITYB	began	ENTITYA	Mecca
NO_RELATION	ENTITYA	book	ENTITYB	publish
RELATION	life	ENTITYB	led	Parliamentari	forc	ENTITYA	Patton
NO_RELATION	ENTITYA	book	ENTITYB	The
RELATION	seiz	ENTITYB	peninsula	ENTITYA	Ketchum
RELATION	Rabbi	ENTITYB	Dure	ENTITYA
RELATION	After	ENTITYA	ENTITYB	singl
NO_RELATION	ENTITYA	classic	novel	ENTITYB	written
RELATION	north	ENTITYB	ENTITYA	The
NO_RELATION	ENTITYA	collect	12	essay	written	complet	ENTITYB	1894.
NO_RELATION	ENTITYA	issu	Octob	28,	1956,	encycl	ENTITYB	urg	public
NO_RELATION	ENTITYA	novel	ENTITYB
RELATION	ENTITYA	ENTITYB
NO_RELATION	ENTITYA	first	play	written	ENTITYB	It
RELATION	ENTITYB	After	ENTITYA
NO_RELATION	ENTITYA	poem	ENTITYB	written
RELATION	16	ampndash;	ENTITYB	emigr	commun	movement	call	ENTITYA
NO_RELATION	ENTITYA	children	's	novel	written	illustr	ENTITYB	It
NO_RELATION	ENTITYA	The	Peopl	Arm	book	ENTITYB	Paz
NO_RELATION	ENTITYA	2002	one-act	play	play	ENTITYB	It
NO_RELATION	ENTITYA	novel	written	ENTITYB
NO_RELATION	ENTITYA	children	's	novel	ENTITYB	origin	publish
NO_RELATION	ENTITYA	1994	young	adult	novel	written	ENTITYB	Julia
NO_RELATION	ENTITYA	play	ENTITYB	retel
RELATION	Evergreen	Cemeteri	ENTITYB	's	ENTITYA	deliv
RELATION	point	ENTITYB	's	life	ENTITYA	also	mark
NO_RELATION	ENTITYA	stori	ENTITYB
RELATION	extract	ENTITYB	's	ENTITYA	accompani	footag
NO_RELATION	ENTITYA	play	ENTITYB
RELATION	1788.	ENTITYB	ENTITYA	1863.	John
RELATION	design	commemor	ENTITYB	's	ENTITYA	well
NO_RELATION	ENTITYA	2000	histor	novel	ENTITYB	set
NO_RELATION	ENTITYA	novel	ENTITYB	David
RELATION	Veracruz	ENTITYB	conclud	ENTITYA	Spain
RELATION	equival	ENTITYB	's	ENTITYA	explain
RELATION	piec	ENTITYB	follow	ENTITYA	buri
RELATION	victori	ENTITYB	Royalist	ENTITYA
RELATION	Roundhead	ENTITYA	ENTITYB	success
NO_RELATION	ENTITYA	novella	ENTITYB	origin
NO_RELATION	ENTITYA	collect	scienc	fiction	short	stori	ENTITYB	It
RELATION	critic	ENTITYA	peac	treati	ENTITYB	sign
RELATION	serv	ENTITYB	king	ENTITYA
NO_RELATION	ENTITYA	play	ENTITYB
RELATION	Also	ENTITYB	's	great	ENTITYA
RELATION	ENTITYA	1646	ENTITYB	came
RELATION	sieg	ENTITYB	ENTITYA
RELATION	kafir	ENTITYA	mean	flight	emigr	leav	prophet	ENTITYB
RELATION	Befort	ENTITYB	ENTITYA	He
NO_RELATION	ENTITYA	book	poem	essay	written	ENTITYB	1974.
NO_RELATION	ENTITYA	1995	children	's	pictur	book	ENTITYB
NO_RELATION	ENTITYA	collect	essay	botanist	ENTITYB	The
RELATION	ENTITYA	Presid	ENTITYB	appoint
NO_RELATION	ENTITYA	1978	novel	ENTITYB
RELATION	rememb	ENTITYB	's	speech	becam	known	ENTITYA
NO_RELATION	ENTITYA	satir	play	ENTITYB	Howard
RELATION	p.	157.	ENTITYB	suggest	book	ENTITYA	New
NO_RELATION	ENTITYA	1999	action/sci	fiction/thril	novel	ENTITYB	Nathaniel
NO_RELATION	ENTITYA	stage	play	ENTITYB	premier
NO_RELATION	ENTITYA	1979	crime	novel	ENTITYB	get
NO_RELATION	ENTITYA	children	's	novel	ENTITYB	publish
RELATION	control	ENTITYB	ENTITYA	The
RELATION	Jaffna	ENTITYB	ENTITYA	The
NO_RELATION	ENTITYA	play	written	ENTITYB	music
NO_RELATION	ENTITYA	1980	novel	ENTITYB	publish
RELATION	upon	ENTITYA	ENTITYB	present
NO_RELATION	ENTITYA	1997	young	adult	novel	ENTITYB	It
NO_RELATION	ENTITYA	scienc	fiction	novel	written	ENTITYB	part
RELATION	1988,	ENTITYA	polici	ENTITYB	start	allow
RELATION	ENTITYA	subsequ	becam	strong	adher	ENTITYB	whose
NO_RELATION	ENTITYA	novel	ENTITYB	first
RELATION	Citi	ENTITYB	ENTITYA	Universidad
RELATION	phrase	ENTITYB	's	ENTITYA	Civil
RELATION	1778	ENTITYB	ENTITYA
RELATION	622	ENTITYB	follow	complet	ENTITYA	Mecca
RELATION	19,	1863,	ENTITYB	deliv	ENTITYA
RELATION	process	ENTITYA	ENTITYB	John	Milton
NO_RELATION	ENTITYA	novel	ENTITYB	Clarissa
NO_RELATION	ENTITYA	scienc	fiction	novel	ENTITYB	publish
NO_RELATION	ENTITYA	Categori	Feder	minist	ENTITYB	Minist
NO_RELATION	ENTITYA	novel	ENTITYB	co-written
RELATION	Battl	ENTITYB	ENTITYA
RELATION	The	ENTITYB	age	45,	paint	1699.	In	1696,	ENTITYA	person	led
NO_RELATION	ENTITYA	collect	thirti	scienc	fiction	stori	ENTITYB	first	publish
NO_RELATION	ENTITYA	1948	novel	ENTITYB	set
NO_RELATION	ENTITYA	novel	ENTITYB	publish
NO_RELATION	ENTITYA	1999	action/sci	fiction/thril	novel	ENTITYB	Nathaniel
NO_RELATION	ENTITYA	name	ofEmpir	Star	1966	book	ENTITYB	BSA
NO_RELATION	ENTITYA	1980	mysteri	novel	ENTITYB
NO_RELATION	ENTITYA	scienc	fiction	novel	ENTITYB	explor
RELATION	The	ENTITYA	ENTITYB	's	famou
RELATION	U.S.	Presid	ENTITYB	's	ENTITYA
RELATION	site	ENTITYB	's	ENTITYA	number
RELATION	Wrong	ENTITYA	The	Rise	Fall	ENTITYB	W.W.
NO_RELATION	ENTITYA	1992	novel	ENTITYB
NO_RELATION	ENTITYA	1927	novel	ENTITYB	Elmer
NO_RELATION	ENTITYA	play	ENTITYB	written
RELATION	Soviet	leader	ENTITYB	introduc	signific	chang	tradit	system	see	ENTITYA
RELATION	sieg	ENTITYB	ENTITYA
NO_RELATION	ENTITYA	1990	play	ENTITYB	adapt
NO_RELATION	ENTITYA	book	ENTITYB	publish
NO_RELATION	ENTITYA	fantasi	comic	book	writer	ENTITYB	pencil
RELATION	Court	ENTITYB	station	armi	end	ENTITYA	1647.
NO_RELATION	ENTITYA	young	adult	scienc	fiction	novel	written	ENTITYB	Jame
RELATION	1848	ENTITYA	organ	ENTITYB	Lucretia
NO_RELATION	ENTITYA	1983	horror	novel	written	ENTITYB
NO_RELATION	ENTITYA	book	ENTITYB	It
RELATION	colonel	ENTITYB	's	armi	ENTITYA	The
NO_RELATION	ENTITYA	tragic	play	ENTITYB
RELATION	Dure	ENTITYA	1648	ENTITYB	's	troop
NO_RELATION	ENTITYA	1995	spi	novel	ENTITYB	It
RELATION	ENTITYA	ENTITYB	's	visit
NO_RELATION	ENTITYA	1995	novel	ENTITYB
NO_RELATION	ENTITYA	1653	book	Sir	ENTITYB	disingenu
NO_RELATION	ENTITYA	novel	ENTITYB
NO_RELATION	ENTITYA	novel	ENTITYB	first
RELATION	ENTITYA	led	ENTITYB
RELATION	ENTITYA	access	ENTITYB	becam
NO_RELATION	ENTITYA	histor	novel	ENTITYB	first	publish
NO_RELATION	ENTITYA	1956	Papal	encycl	ENTITYB	concern
NO_RELATION	ENTITYA	2005	young	adult	novel	ENTITYB
RELATION	After	ENTITYA	High	King	ENTITYB	curtail
NO_RELATION	ENTITYA	short	stori	ENTITYB	It
RELATION	first	word	ENTITYB	's	ENTITYA	The
RELATION	time	ENTITYB	's	ENTITYA	emigr
NO_RELATION	ENTITYA	issu	Octob	28,	1956,	encycl	ENTITYB	urg	public
NO_RELATION	ENTITYA	novel	ENTITYB	co-written
NO_RELATION	ENTITYA	novel	ENTITYB	first
RELATION	Bastogn	ENTITYB	ENTITYA
RELATION	II	ENTITYB	begin	ENTITYA	Scotland
RELATION	After	ENTITYA	Parliamentarian	ENTITYB	introduc
RELATION	forc	ENTITYB	ENTITYA	He
NO_RELATION	ENTITYA	children	's	novel	written	illustr	ENTITYB	It
RELATION	Dure	ENTITYA	ENTITYB	took	possess
RELATION	Islam	prophet	ENTITYB	ENTITYA	withdraw
NO_RELATION	ENTITYA	children	's	pictur	book	ENTITYB
RELATION	Dure	ENTITYA	ENTITYB	stay
NO_RELATION	ENTITYA	scienc	fiction	novel	written	ENTITYB	publish
RELATION	tradit	ENTITYB	's	ENTITYA	Martin	Luther
NO_RELATION	ENTITYA	autobiograph	book	written	ENTITYB	former
NO_RELATION	ENTITYA	1967	ENTITYB
RELATION	The	seat	ENTITYB	Over	year	ENTITYA	kept	constant
RELATION	taken	ENTITYB	's	men	ENTITYA	Onc
RELATION	nation	ENTITYB	follow	ENTITYA
NO_RELATION	ENTITYA	novel	ENTITYB	David
NO_RELATION	ENTITYA	chick	lit	novel	ENTITYB
NO_RELATION	ENTITYA	play	ENTITYB	It
RELATION	Flag	ENTITYB	ENTITYA
RELATION	figur	ENTITYB	actual	stood	deliv	part	ENTITYA
RELATION	ENTITYA	rule	ENTITYB
NO_RELATION	ENTITYA	novel	ENTITYB	first
NO_RELATION	ENTITYA	play	written	ENTITYB
RELATION	end	ENTITYA	ENTITYB	Medina
NO_RELATION	ENTITYA	young	adult	novel	written	ENTITYB	publish
RELATION	year	ENTITYB	lead	figur	ENTITYA
NO_RELATION	ENTITYA	short	stori	ENTITYB	It
NO_RELATION	ENTITYA	music	book	lyric	ENTITYB	music
RELATION	estim	ENTITYB	's	flight	ENTITYA
NO_RELATION	ENTITYA	1653	book	Sir	ENTITYB	disingenu
NO_RELATION	ENTITYA	play	ENTITYB
RELATION	ENTITYA	ENTITYB	's	forc	took
NO_RELATION	ENTITYA	first	full	length	play	ENTITYB	It
RELATION	Byron	ENTITYA	19th-centuri	speech	ENTITYB	Great
RELATION	1980	ENTITYB	's	polici	ENTITYA	Glasnost
RELATION	1942	ENTITYB	ENTITYA
NO_RELATION	ENTITYA	historical-fict	book	written	illustr	ENTITYB	publish
RELATION	ENTITYA	handwritten	ENTITYB
RELATION	King	allud	ENTITYB	's	ENTITYA	say
RELATION	Lima	ENTITYB	ENTITYA	Pontificia
RELATION	hudna	ENTITYA	ENTITYB	Quraysh
RELATION	's	Word	ENTITYB	's	ENTITYA
RELATION	forc	ENTITYA	ENTITYB	kill
NO_RELATION	ENTITYA	book	written	ENTITYB	publish
RELATION	ENTITYA	ENTITYB	went
RELATION	wound	ENTITYB	ENTITYA	May
RELATION	begin	ENTITYB	's	public	ministri	ENTITYA
NO_RELATION	ENTITYA	1977	play	ENTITYB	Take
RELATION	contain	ENTITYA	pictur	ENTITYB	ad
RELATION	homag	ENTITYB	's	ENTITYA	time
RELATION	rel	ENTITYB	Muslim	perform	ENTITYA
NO_RELATION	ENTITYA	stream	conscious	novel	ENTITYB	first
RELATION	ENTITYB	use	tricola	mani	speech	Hi	ENTITYA
NO_RELATION	ENTITYA	novel	ENTITYB	publish
RELATION	speaker	opposit	ENTITYB	read	ENTITYA
RELATION	1863,	Presid	ENTITYB	deliv	famou	ENTITYA	God
NO_RELATION	ENTITYA	encycl	ENTITYB
RELATION	also	refer	ENTITYB	's	ENTITYA	say
NO_RELATION	ENTITYA	novel	ENTITYB	publish
NO_RELATION	ENTITYA	1995	children	's	pictur	book	ENTITYB
NO_RELATION	ENTITYA	poem	ENTITYB
NO_RELATION	ENTITYA	play	ENTITYB	set
RELATION	al-Muttalib	ENTITYB	's	uncl	seven	nine	month	ENTITYA
NO_RELATION	ENTITYA	last	longest	novel	author	ENTITYB	Publish
NO_RELATION	ENTITYA	novel	ENTITYB	David
RELATION	ask	Presid	ENTITYB	copi	ENTITYA
RELATION	ENTITYA	628.	It	record	ENTITYB	told	Khalid
RELATION	ENTITYA	exhibit	1877,	one	depict	ENTITYB	Marston
NO_RELATION	ENTITYA	scienc	fiction	book	written	ENTITYB	first
RELATION	name	ENTITYA	leader	ENTITYB
RELATION	help	ENTITYB	ENTITYA
RELATION	Presid	ENTITYB	's	ENTITYA	name
NO_RELATION	ENTITYA	2008	novel	ENTITYB	Mexican
RELATION	1778	ENTITYB	ENTITYA
NO_RELATION	ENTITYA	1947	novel	ENTITYB	talk
NO_RELATION	ENTITYA	collect	twenti	short	stori	written	ENTITYB	It
RELATION	ENTITYA	former	member	ENTITYB	's	New
NO_RELATION	ENTITYA	novel	ENTITYB	Anna
RELATION	caus	ENTITYB	ENTITYA	He
RELATION	year	ENTITYA	ENTITYB	Mecca
RELATION	Sieg	ENTITYB	Dure	ENTITYA	April
RELATION	particip	ENTITYA	ENTITYB	Franci	Tresham
NO_RELATION	ENTITYA	2008	novel	ENTITYB	Mexican
NO_RELATION	ENTITYA	poem	ENTITYB	origin
RELATION	anniversari	ENTITYB	's	trip	rout	make	ENTITYA	Both
NO_RELATION	ENTITYA	stori	ENTITYB	concern
RELATION	quot	Presid	ENTITYB	's	ENTITYA	inscrib
RELATION	ENTITYA	Hi	nephew	godson	ENTITYB	sent
RELATION	five	copi	ENTITYB	's	ENTITYA	1863
RELATION	Citat	ENTITYB	Draft	ENTITYA	Nicolay
NO_RELATION	ENTITYA	comic	novel	ENTITYB	publish
RELATION	defeat	ENTITYB	famou	ENTITYA	1014..
NO_RELATION	ENTITYA	's	World	children	's	histori	book	ENTITYB	The
NO_RELATION	ENTITYA	2004	novel	written	ENTITYB	publish
RELATION	ENTITYA	protector	ENTITYB
RELATION	onset	ENTITYA	ENTITYB	resid
RELATION	site	ENTITYB	's	notabl	ENTITYA
RELATION	Bay	ENTITYB	ENTITYA	In
RELATION	's	recit	ENTITYB	's	ENTITYA	go
NO_RELATION	ENTITYA	play	written	ENTITYB	first
NO_RELATION	ENTITYA	2005	young-adult	fantasi	novel	ENTITYB	base
NO_RELATION	ENTITYA	1869	play	ENTITYB
NO_RELATION	ENTITYA	collect	twenti	short	stori	written	ENTITYB	It
RELATION	War	ENTITYB	's	rule	Dure	ENTITYA	1646,
RELATION	destroy	ENTITYB	's	troop	ENTITYA	1646.
NO_RELATION	ENTITYA	young	adult	novel	ENTITYB	first
NO_RELATION	ENTITYA	written	ENTITYB
NO_RELATION	ENTITYA	2002	young	adult	novel	written	ENTITYB
NO_RELATION	ENTITYA	1998	novel	written	ENTITYB	log
RELATION	Union	Presid	ENTITYB	deliv	ENTITYA
RELATION	2008..	Presid	ENTITYB	's	sign	ENTITYA	Septemb
NO_RELATION	ENTITYA	short	stori	ENTITYB	It
NO_RELATION	ENTITYA	apocalypt	scienc	fiction/horror	novel	ENTITYB	publish
RELATION	arriv	ENTITYB	ENTITYA
NO_RELATION	ENTITYA	1945	novel	ENTITYB	deal
RELATION	commemor	ENTITYA	emigr	ENTITYB
NO_RELATION	ENTITYA	novel	ENTITYB	First
RELATION	support	ENTITYB	's	caus	ENTITYA	sold
NO_RELATION	ENTITYA	play	ENTITYB
NO_RELATION	ENTITYA	fantasi	comic	book	writer	ENTITYB	pencil
RELATION	eye-wit	ENTITYB	's	ENTITYA	Sever	member
RELATION	ENTITYB	ENTITYA
NO_RELATION	ENTITYA	first	play	written	ENTITYB	publish
NO_RELATION	ENTITYA	book	ENTITYB	It
NO_RELATION	ENTITYA	's	World	children	's	histori	book	ENTITYB	The
RELATION	paraphras	ENTITYB	ENTITYA
NO_RELATION	ENTITYA	play	ENTITYB	first	develop
NO_RELATION	ENTITYA	last	longest	novel	author	ENTITYB	Publish
NO_RELATION	ENTITYA	encycl	ENTITYB
RELATION	known	eye-wit	ENTITYB	's	ENTITYA
RELATION	photo	ENTITYB	's	ENTITYA	The	studio
RELATION	Peloponnesian	War;	ENTITYB	's	ENTITYA	1863,	soon
RELATION	In	ENTITYA	becam	royalist	stronghold	ENTITYB	's	Parliamentari
RELATION	heart	ENTITYB	ENTITYA
NO_RELATION	ENTITYA	2002	young	adult	novel	written	ENTITYB
RELATION	name	ENTITYB	's	polici	ENTITYA	It
RELATION	post	ENTITYB	cover	ENTITYA	1990.
NO_RELATION	ENTITYA	tragedi	ENTITYB	Coriolanu
NO_RELATION	ENTITYA	written	1888	ENTITYB	use
NO_RELATION	ENTITYA	last	longest	novel	author	ENTITYB	Publish
RELATION	ENTITYB	ENTITYA	1014,
NO_RELATION	ENTITYA	name	ofEmpir	Star	1966	book	ENTITYB	BSA
RELATION	successor	ENTITYB	sign	ENTITYA	Thi
RELATION	ENTITYA	Some	key	organ	ENTITYB	Lucretia
RELATION	ENTITYA	fell	ENTITYB
RELATION	photograph	ENTITYB	taken	Novemb	8,	1863;	two	week	ENTITYA
NO_RELATION	ENTITYA	apocalypt	scienc	fiction/horror	novel	ENTITYB	publish
NO_RELATION	ENTITYA	collect	write	ENTITYB	first
RELATION	precipit	ENTITYB	's	controversi	decis	sign	ENTITYA
RELATION	address	Presid	ENTITYB	's	ENTITYA	primari
RELATION	ENTITYA	disillus	offic	plot	assassin	ENTITYB	Domin
RELATION	Dure	ENTITYA	16th	centuri	ENTITYB
RELATION	popul	ENTITYB	's	invas	ENTITYA
RELATION	Bastogn	ENTITYB	ENTITYA
RELATION	ENTITYA	ENTITYB	howev
RELATION	ENTITYA	Puritan-l	Parliamentarian	govern	ENTITYB	King
RELATION	ENTITYA	reward	ENTITYB	estat
NO_RELATION	ENTITYA	semi-autobiograph	play	ENTITYB	written
RELATION	time	ENTITYB	draft	ENTITYA	Weekli
NO_RELATION	ENTITYA	1775	play	ENTITYB	The
RELATION	annex	ENTITYB	led	ENTITYA	end
NO_RELATION	ENTITYA	novelett	ENTITYB	publish
RELATION	date	ENTITYB	's	flight	ENTITYA
NO_RELATION	ENTITYA	2002	young	adult	novel	written	ENTITYB
NO_RELATION	ENTITYA	1748	novel	ENTITYB	Sever
RELATION	Gettysburg	ENTITYB	's	ENTITYA	Gettysburg	Nation
NO_RELATION	ENTITYA	The	Peopl	Arm	book	ENTITYB	Paz
NO_RELATION	ENTITYA	short	novel	ENTITYB	Billi
RELATION	anticip	ENTITYA	ENTITYB	Morin
NO_RELATION	ENTITYA	thriller	novel	ENTITYB	It
NO_RELATION	ENTITYA	The	full	origin	titl	1727	essay	ENTITYB
NO_RELATION	ENTITYA	1775	play	ENTITYB	The
NO_RELATION	ENTITYA	play	four	act	ENTITYB	It
NO_RELATION	ENTITYA	2008	novel	ENTITYB	Mexican
NO_RELATION	ENTITYA	novel	ENTITYB	publish
NO_RELATION	ENTITYA	1948	novel	ENTITYB	set
NO_RELATION	ENTITYA	poem	ENTITYB	written
RELATION	ENTITYB	known	ENTITYA
NO_RELATION	ENTITYA	novel	ENTITYB	Anna
RELATION	Half	ENTITYB	's	ENTITYA	grace	east
NO_RELATION	ENTITYA	semi-autobiograph	play	ENTITYB	written
NO_RELATION	ENTITYA	1981	music	book	ENTITYB	lyric
NO_RELATION	ENTITYA	short	novel	novella	written	ENTITYB	It
NO_RELATION	ENTITYA	novel	ENTITYB	co-written
NO_RELATION	ENTITYA	1987	book	social	polit	analysi	ENTITYB
NO_RELATION	ENTITYA	novel	ENTITYB
RELATION	famou	quotat	ENTITYB	's	ENTITYA	nation
RELATION	earli	14th-centuri	ENTITYB	ENTITYA	He
NO_RELATION	ENTITYA	first	novel	written	author	ENTITYB	Origin
RELATION	ENTITYB	sector	ENTITYA	Decemb
RELATION	end	ENTITYA	's	year	The	ENTITYB	like
NO_RELATION	ENTITYA	tragic	play	ENTITYB
RELATION	14-year-old	ENTITYB	assum	person	rule	ahead	schedul	Thu	ENTITYA	formerli	took
NO_RELATION	ENTITYA	book	written	ENTITYB	publish
RELATION	ENTITYA	part	commemor	150th	anniversari	ENTITYB	's	birth
RELATION	Royalist	ENTITYA	ENTITYB	Parliamentarian
RELATION	lie	ENTITYA	ENTITYB	gave	Colonel	Georg
NO_RELATION	ENTITYA	novel	ENTITYB	First
RELATION	Carter	ENTITYB	shortli	ENTITYA	edit
NO_RELATION	ENTITYA	short	stori	ENTITYB	first
NO_RELATION	ENTITYA	novel	ENTITYB
RELATION	earli	fourteenth-centuri	ENTITYB	ENTITYA	He
RELATION	year	ENTITYB	emigr	see	ENTITYA
NO_RELATION	ENTITYA	play	written	1903	ENTITYB	Base
RELATION	Bolivia	ENTITYB	ENTITYA
NO_RELATION	ENTITYA	short	novel	ENTITYB	Billi
RELATION	ENTITYA	He	colonel	ENTITYB	's	New
NO_RELATION	ENTITYA	historical-fict	book	written	illustr	ENTITYB	publish
NO_RELATION	ENTITYA	novel	ENTITYB	Publish
NO_RELATION	ENTITYA	collect	scienc	fiction	short	stori	ENTITYB	It
NO_RELATION	ENTITYA	1948	novel	ENTITYB	set
RELATION	deliv	ENTITYB	ENTITYA	Lincoln
RELATION	win	book	ENTITYB	's	ENTITYA	compar
RELATION	bore	ENTITYB	four	son	two	daughter	Among	children	includ	ENTITYA	's	successor
NO_RELATION	ENTITYA	name	ofEmpir	Star	1966	book	ENTITYB	BSA
NO_RELATION	ENTITYA	novel	written	ENTITYB	first
RELATION	side	ENTITYA	includ	ENTITYB	's	Ironsid	cavalri
RELATION	1848	ENTITYA	women	's	right	ENTITYB
NO_RELATION	ENTITYA	thriller	novel	ENTITYB	It
NO_RELATION	ENTITYA	1980	novel	ENTITYB	publish
RELATION	With	ENTITYB	's	polici	ENTITYA
NO_RELATION	ENTITYA	stori	ENTITYB	concern
NO_RELATION	ENTITYA	2010	novel	ENTITYB
RELATION	destroy	ENTITYB	's	troop	ENTITYA
NO_RELATION	ENTITYA	book	photographi	ENTITYB	Jewish
NO_RELATION	ENTITYA	Categori	Feder	minist	ENTITYB	Minist
RELATION	accord	Presid	ENTITYB	's	ENTITYA	American
RELATION	ENTITYB	ENTITYA	As
NO_RELATION	ENTITYA	novel	ENTITYB	first	publish
RELATION	Dure	ENTITYA	align	ENTITYB	The
NO_RELATION	ENTITYA	dystopian	novel	ENTITYB	publish
NO_RELATION	ENTITYA	fantasi	novel	ENTITYB	set
NO_RELATION	ENTITYA	1977	play	ENTITYB	Take
RELATION	support	ENTITYB	ENTITYA	When
RELATION	ENTITYB	campaign	ENTITYA	It
NO_RELATION	ENTITYA	1925	novel	ENTITYB	give
NO_RELATION	ENTITYA	spi	thriller	novel	author	ENTITYB	publish
RELATION	forc	ENTITYB	three-day-long	ENTITYA	The
NO_RELATION	ENTITYA	collect	twenti	short	stori	written	ENTITYB	It
NO_RELATION	ENTITYA	first	novel	written	author	ENTITYB	Origin
RELATION	ENTITYA	serv	Lord	Protector	ENTITYB
NO_RELATION	ENTITYA	novel	ENTITYB	first
RELATION	ENTITYB	ENTITYA	We
NO_RELATION	ENTITYA	novel	ENTITYB	ISBN
NO_RELATION	ENTITYA	play	ENTITYB	The
RELATION	span	ENTITYA	ENTITYB	's	rule
RELATION	Newport	ENTITYB	ENTITYA	The
RELATION	Farewel	Address	ENTITYB	's	ENTITYA	Fred	Harvey
NO_RELATION	ENTITYA	novel	ENTITYB	publish
NO_RELATION	ENTITYA	first	publish	1880	author	ENTITYB
RELATION	execut	ENTITYA	riot	1968.	ENTITYB	union
NO_RELATION	ENTITYA	scienc	fiction	novel	written	ENTITYB	publish
RELATION	China	ENTITYA	's	reign	After	ENTITYB	's	abdic
RELATION	Presid	ENTITYB	ENTITYA	Novemb
NO_RELATION	ENTITYA	play	ENTITYB
RELATION	Santiago	de	ENTITYB	begin	ENTITYA
RELATION	ENTITYA	1014,	ENTITYB	High
RELATION	The	ENTITYA	ENTITYB
RELATION	form	ENTITYB	follow	ENTITYA
RELATION	end	ENTITYB	's	ENTITYA
RELATION	Soviet	consum	ENTITYB	ENTITYA	New	York
RELATION	last	year	ENTITYB	ENTITYA	Immigr
NO_RELATION	ENTITYA	play	four	act	ENTITYB	It
NO_RELATION	ENTITYA	1933	novel	ENTITYB	It
NO_RELATION	ENTITYA	short	stori	ENTITYB	first
NO_RELATION	ENTITYA	children	's	histor	novel	ENTITYB	publish
NO_RELATION	ENTITYA	novel	ENTITYB	ISBN
NO_RELATION	ENTITYA	collect	scienc	fiction	short	stori	ENTITYB	publish
NO_RELATION	ENTITYA	blank	vers	tragedi	ENTITYB	It
NO_RELATION	ENTITYA	young	adult	novel	ENTITYB	first
NO_RELATION	ENTITYA	play	ENTITYB
RELATION	1431..	Follow	ENTITYA	ENTITYB	declin	crown
NO_RELATION	ENTITYA	1999	novel	ENTITYB
NO_RELATION	ENTITYA	scienc	fiction	novel	written	ENTITYB	publish
RELATION	respect	ENTITYB	's	soldier	time	ENTITYA
NO_RELATION	ENTITYA	1997	novel	ENTITYB	deal
RELATION	govern	ENTITYB	Dure	ENTITYA	1921,
NO_RELATION	ENTITYA	2003	novel	ENTITYB	set
RELATION	ENTITYA	peac	treati	ENTITYB
RELATION	ENTITYA	given	ENTITYB	Will
NO_RELATION	ENTITYA	play	written	1903	ENTITYB	Base
NO_RELATION	ENTITYA	first	novel	written	author	ENTITYB	Origin
RELATION	ENTITYA	famou	speech	deliv	ENTITYB
NO_RELATION	ENTITYA	first	publish	1880	author	ENTITYB
NO_RELATION	ENTITYA	Categori	Feder	minist	ENTITYB	Minist
NO_RELATION	ENTITYA	titl	1987	novel	ENTITYB	Patriot
NO_RELATION	ENTITYA	1983	horror	novel	written	ENTITYB
RELATION	Soviet	presid	ENTITYB	run	polici	ENTITYA	Glasnost
RELATION	immort	ENTITYB	's	ENTITYA	phrase
RELATION	ENTITYB	put	finish	touch	ENTITYA
NO_RELATION	ENTITYA	book	contain	collect	illustr	ENTITYB	's	best
NO_RELATION	ENTITYA	1925	novel	ENTITYB	give
RELATION	result	ENTITYB	's	ENTITYA	reform
RELATION	p.	174,	ENTITYA	14th	In	August	1690,	ENTITYB	grant	Fuquan
NO_RELATION	ENTITYA	1983	book-length	essay	ENTITYB	American
NO_RELATION	ENTITYA	play	ENTITYB
NO_RELATION	ENTITYA	An	Initi	Biographi	children	's	book	ENTITYB
NO_RELATION	ENTITYA	play	ENTITYB	It
RELATION	1648,	ENTITYA	ENTITYB	's	troop	camp
NO_RELATION	ENTITYA	scienc	fiction	book	written	ENTITYB	first
NO_RELATION	ENTITYA	play	ENTITYB	It
NO_RELATION	ENTITYA	1985	multi	act	play	ENTITYB	It
NO_RELATION	ENTITYA	novel	ENTITYB	written
RELATION	meet	ENTITYB	i.e.	614	ENTITYA	Muhammad
RELATION	year	ENTITYA	ENTITYB	emigr	Medina
NO_RELATION	ENTITYA	collect	write	ENTITYB	first
NO_RELATION	ENTITYA	novel	ENTITYB	origin	publish
RELATION	ENTITYB	gave	ENTITYA	articl
NO_RELATION	ENTITYA	2002	scienc	fiction/techno-thril	novel	written	ENTITYB
NO_RELATION	ENTITYA	novel	ENTITYB	publish
NO_RELATION	ENTITYA	scienc	fiction	novel	written	ENTITYB	publish
NO_RELATION	ENTITYA	short	stori	ENTITYB	It
NO_RELATION	ENTITYA	scienc	fiction	novel	written	ENTITYB	publish
NO_RELATION	ENTITYA	children	's	novel	seri	written	ENTITYB	1828-1909
NO_RELATION	ENTITYA	novel	ENTITYB	first
RELATION	wit	ENTITYB	deliv	ENTITYA	The
NO_RELATION	ENTITYA	1913	short	stori	ENTITYB	It
RELATION	occupi	ENTITYB	's	forc	ENTITYA	The
NO_RELATION	ENTITYA	book	poetri	publish	poet	ENTITYB
RELATION	ENTITYB	's	ENTITYA	1987,	express
NO_RELATION	ENTITYA	poem	ENTITYB	's	Song
RELATION	refer	ENTITYB	's	ENTITYA	Four
RELATION	ENTITYA	Presid	ENTITYB
NO_RELATION	ENTITYA	book	written	ENTITYB	publish
RELATION	ENTITYA	negoti	ENTITYB
RELATION	In	1863	ENTITYA	ENTITYB	spoke	three
NO_RELATION	ENTITYA	1987	book	social	polit	analysi	ENTITYB
RELATION	user	ENTITYA	emperor6868	user	talk	contrib	page	ENTITYB	diff
NO_RELATION	ENTITYA	debut	novel	ENTITYB	publish
RELATION	Ireland	ENTITYB	ENTITYA	1014.
NO_RELATION	ENTITYA	collect	short	scienc	fiction	stori	ENTITYB
RELATION	month	ENTITYA	ENTITYB	's	migrat
NO_RELATION	ENTITYA	's	World	children	's	histori	book	ENTITYB	The
RELATION	join	ENTITYB	ENTITYA
RELATION	ENTITYA	19	August	1648,	ENTITYB	defeat
NO_RELATION	ENTITYA	semi-autobiograph	play	ENTITYB	written
NO_RELATION	ENTITYA	2010	horror	novel	ENTITYB	The
RELATION	1978	ENTITYA	ENTITYB	Israel
RELATION	Cemeteri	heard	ENTITYB	's	ENTITYA	close
NO_RELATION	ENTITYA	dystopian	novel	ENTITYB	publish
RELATION	helper	ENTITYB	ENTITYA	Aw
RELATION	Mott	ENTITYB	organ	ENTITYA	1848
RELATION	commemor	ENTITYA	titl	100	Year	Progress	Women	ENTITYB	left
NO_RELATION	ENTITYA	scienc	fiction	novel	written	ENTITYB	publish
NO_RELATION	ENTITYA	1975	novel	ENTITYB	It
RELATION	ENTITYA	includ	son	grandson	ENTITYB	Over
NO_RELATION	ENTITYA	1927	novel	ENTITYB	Elmer
RELATION	Veracruz	ENTITYB	conclud	ENTITYA	Spain
NO_RELATION	ENTITYA	1997	young	adult	novel	ENTITYB	It
NO_RELATION	ENTITYA	1973	scienc	fiction	film	ENTITYB	Westworld
NO_RELATION	ENTITYA	poem	ENTITYB	's	Song
RELATION	serv	ENTITYB	ENTITYA	He
RELATION	life	ENTITYB	led	Parliamentari	forc	ENTITYA
NO_RELATION	ENTITYA	novel	ENTITYB	publish
RELATION	ENTITYA	specif	associ	ENTITYB	's	sieg
NO_RELATION	ENTITYA	The	Secret	Life	book	ENTITYB	It
RELATION	ENTITYA	ENTITYB	visit	discuss
NO_RELATION	ENTITYA	poem	ENTITYB	written
NO_RELATION	ENTITYA	blank	vers	tragedi	ENTITYB	It
RELATION	ENTITYA	former	member	ENTITYB	's	New
RELATION	forc	ENTITYB	three-day-long	ENTITYA	The
RELATION	manuscript	ENTITYB	's	ENTITYA
RELATION	wit	Presid	ENTITYB	's	ENTITYA	recreat
NO_RELATION	ENTITYA	1995	novel	ENTITYB
RELATION	ENTITYA	includ	death	mask	ENTITYB
RELATION	age	ENTITYA	ENTITYB	also
NO_RELATION	ENTITYA	play	two	act	written	ENTITYB	Star
RELATION	year	ENTITYB	's	emigr	ENTITYA
NO_RELATION	ENTITYA	tragedi	ENTITYB	Coriolanu
RELATION	ENTITYA	reward	ENTITYB	estat
RELATION	ENTITYA	ENTITYB	pass
RELATION	destroy	ENTITYB	's	order	ENTITYA
RELATION	ENTITYA	Islam	migrat	ENTITYB
NO_RELATION	ENTITYA	modernist	short	stori	ENTITYB	first	publish
RELATION	ENTITYB	hous	ENTITYA	He
NO_RELATION	ENTITYA	book	ENTITYB	first	publish
NO_RELATION	ENTITYA	1995	children	's	pictur	book	ENTITYB
NO_RELATION	ENTITYA	superhero	novel	ENTITYB
RELATION	led	ENTITYB	engag	fierc	gunfight	polic	ENTITYA	Cleveland
NO_RELATION	ENTITYA	novelett	ENTITYB	publish
RELATION	ENTITYB	second	eldest	ENTITYA	's	son
RELATION	speak	ENTITYB	's	famou	ENTITYA	Lincoln
RELATION	spoken	ENTITYB	occas	includ	ENTITYA
RELATION	ENTITYA	ENTITYB	622
RELATION	ENTITYB	's	Roundhead	ENTITYA
NO_RELATION	ENTITYA	collect	ENTITYB	compris
RELATION	month	ENTITYA	ENTITYB	's	migrat
RELATION	ENTITYA	eventu	fall	Parliamentarian	1646.	ENTITYB	order
RELATION	ENTITYA	earli	influenti	women	's	right	convent	ENTITYB	demand
RELATION	centuri	ENTITYA	see	also	List	biographi	ENTITYB
NO_RELATION	ENTITYA	play	ENTITYB	It
RELATION	ENTITYA	fought	ENTITYB
NO_RELATION	ENTITYA	2005	novel	author	ENTITYB	The
RELATION	famou	quot	ENTITYB	's	ENTITYA	govern
RELATION	kill	ENTITYB	ENTITYA
RELATION	armi	occupi	ENTITYB	After	ENTITYA
RELATION	ENTITYA	base	oper	ENTITYB
RELATION	Near	ENTITYB	ENTITYA	1128
NO_RELATION	ENTITYA	young	adult	novel	ENTITYB	first
NO_RELATION	ENTITYA	1895	novel	written	ENTITYB	It
RELATION	ENTITYB	Dure	ENTITYA
NO_RELATION	ENTITYA	short	stori	ENTITYB	It
NO_RELATION	ENTITYA	Good	Bad	Book	essay	ENTITYB	first	publish
NO_RELATION	ENTITYA	play	ENTITYB	It
NO_RELATION	ENTITYA	collect	write	ENTITYB	first
RELATION	Presid	ENTITYB	ENTITYA	America
RELATION	criticis	ENTITYA	ENTITYB	Egypt
NO_RELATION	ENTITYA	2000	ENTITYB
NO_RELATION	ENTITYA	stage	play	ENTITYB	premier
RELATION	ENTITYB	ENTITYA
RELATION	ENTITYB	ENTITYA
RELATION	Campaign	ENTITYB	At	ENTITYA
NO_RELATION	ENTITYA	short	play	ENTITYB	adapt
NO_RELATION	ENTITYA	short	stori	ENTITYB	It
RELATION	Minist	ENTITYB	sign	ENTITYA	Egyptian
NO_RELATION	ENTITYA	stori	ENTITYB	concern
NO_RELATION	ENTITYA	play	ENTITYB	set
RELATION	start	ENTITYA	ENTITYB	's	departur
NO_RELATION	ENTITYA	2006	novel	written	ENTITYB	It
RELATION	Kettl	's	ENTITYB	villag	ENTITYA	27
RELATION	Presid	ENTITYB	deliv	famou	two-minut	ENTITYA
RELATION	In	1887,	ENTITYB	leader	ENTITYA	explor
NO_RELATION	ENTITYA	children	's	novel	seri	written	ENTITYB	1828-1909
RELATION	ENTITYB	start	ENTITYA	often
RELATION	Viceroyalti	ENTITYB	Follow	ENTITYA
NO_RELATION	ENTITYA	1854	novel	ENTITYB	Hard
RELATION	150th	anniversari	ENTITYB	's	ENTITYA	The	Patriot-New
NO_RELATION	ENTITYA	play	ENTITYB
RELATION	join	ENTITYB	ENTITYA	particip
RELATION	Near	ENTITYB	ENTITYA	1128
NO_RELATION	ENTITYA	collect	short	scienc	fiction	stori	ENTITYB
RELATION	ENTITYA	ENTITYB	best
RELATION	word	ENTITYB	's	ENTITYA	Parker
RELATION	later	ENTITYB	ENTITYA	He
NO_RELATION	ENTITYA	histor	novel	ENTITYB	first	publish
RELATION	Sadat	ENTITYB	sign	ENTITYA
NO_RELATION	ENTITYA	2005	scienc	fiction/thril	novel	ENTITYB	The
NO_RELATION	ENTITYA	2008	novel	ENTITYB	Mexican
RELATION	ENTITYA	attach	ENTITYB	whose
RELATION	prophet	ENTITYB	In	year	18	ENTITYA
RELATION	Steward	ENTITYB	Dure	ENTITYA	locat
RELATION	troop	ENTITYB	ENTITYA	Sir
NO_RELATION	ENTITYA	fantasi	comic	book	writer	ENTITYB	pencil
NO_RELATION	ENTITYA	2006	novel	written	ENTITYB	It
NO_RELATION	ENTITYA	novel	ENTITYB	publish
NO_RELATION	ENTITYA	novel	ENTITYB	publish
